ISO-10303-21;
HEADER;
FILE_DESCRIPTION (( 'STEP AP214' ),
    '1' );
FILE_NAME ('curb.STEP',
    '2026-09-03T11:26:48',
    ( '' ),
    ( '' ),
    'SwSTEP 2.0',
    'SolidWorks 2024',
    '' );
FILE_SCHEMA (( 'AUTOMOTIVE_DESIGN' ));
ENDSEC;

DATA;
#1 = CARTESIAN_POINT ( 'NONE',  ( -12.00000000000000355, 0.2000000000000000111, -60.00000000000000000 ) ) ;
#2 = VECTOR ( 'NONE', #1034, 1000.000000000000000 ) ;
#3 = ORIENTED_EDGE ( 'NONE', *, *, #158, .F. ) ;
#4 = PLANE ( 'NONE',  #369 ) ;
#5 =( NAMED_UNIT ( * ) PLANE_ANGLE_UNIT ( ) SI_UNIT ( $, .RADIAN. ) );
#6 = PRESENTATION_STYLE_ASSIGNMENT (( #27 ) ) ;
#7 =( LENGTH_UNIT ( ) NAMED_UNIT ( * ) SI_UNIT ( .MILLI., .METRE. ) );
#8 = ORIENTED_EDGE ( 'NONE', *, *, #515, .T. ) ;
#9 = SURFACE_STYLE_FILL_AREA ( #162 ) ;
#10 = DIRECTION ( 'NONE',  ( -0.000000000000000000, -0.000000000000000000, -1.000000000000000000 ) ) ;
#11 = PRESENTATION_LAYER_ASSIGNMENT (  '', '', ( #314 ) ) ;
#12 = CARTESIAN_POINT ( 'NONE',  ( 10.00000000000000000, 0.000000000000000000, -15.00000000000000000 ) ) ;
#13 = PRESENTATION_LAYER_ASSIGNMENT (  '', '', ( #291 ) ) ;
#14 = PRESENTATION_STYLE_ASSIGNMENT (( #117 ) ) ;
#15 =( NAMED_UNIT ( * ) PLANE_ANGLE_UNIT ( ) SI_UNIT ( $, .RADIAN. ) );
#16 = CARTESIAN_POINT ( 'NONE',  ( 10.00000000000000178, 1.199999999999999956, -34.00000000000000000 ) ) ;
#17 = ORIENTED_EDGE ( 'NONE', *, *, #626, .T. ) ;
#18 = EDGE_CURVE ( 'NONE', #938, #862, #793, .T. ) ;
#19 = SURFACE_SIDE_STYLE ('',( #164 ) ) ;
#20 =( LENGTH_UNIT ( ) NAMED_UNIT ( * ) SI_UNIT ( .MILLI., .METRE. ) );
#21 = STYLED_ITEM ( 'NONE', ( #799 ), #444 ) ;
#22 = SURFACE_STYLE_FILL_AREA ( #1068 ) ;
#23 = UNCERTAINTY_MEASURE_WITH_UNIT (LENGTH_MEASURE( 1.000000000000000082E-05 ), #713, 'distance_accuracy_value', 'NONE');
#24 =( NAMED_UNIT ( * ) SI_UNIT ( $, .STERADIAN. ) SOLID_ANGLE_UNIT ( ) );
#25 = EDGE_LOOP ( 'NONE', ( #764, #49, #992, #328 ) ) ;
#26 = VECTOR ( 'NONE', #614, 1000.000000000000000 ) ;
#27 = SURFACE_STYLE_USAGE ( .BOTH. , #140 ) ;
#28 = EDGE_CURVE ( 'NONE', #810, #997, #1024, .T. ) ;
#29 = FILL_AREA_STYLE ('',( #1288 ) ) ;
#30 = LINE ( 'NONE', #942, #1128 ) ;
#31 = ORIENTED_EDGE ( 'NONE', *, *, #1430, .F. ) ;
#32 = FACE_OUTER_BOUND ( 'NONE', #410, .T. ) ;
#33 = STYLED_ITEM ( 'NONE', ( #383 ), #771 ) ;
#34 = VECTOR ( 'NONE', #527, 1000.000000000000000 ) ;
#35 = FILL_AREA_STYLE_COLOUR ( '', #430 ) ;
#36 = PRESENTATION_STYLE_ASSIGNMENT (( #365 ) ) ;
#37 = MECHANICAL_DESIGN_GEOMETRIC_PRESENTATION_REPRESENTATION (  '', ( #291 ), #1440 ) ;
#38 = ADVANCED_FACE ( 'NONE', ( #688 ), #1149, .F. ) ;
#39 = UNCERTAINTY_MEASURE_WITH_UNIT (LENGTH_MEASURE( 1.000000000000000082E-05 ), #256, 'distance_accuracy_value', 'NONE');
#40 = VERTEX_POINT ( 'NONE', #970 ) ;
#41 = MECHANICAL_DESIGN_GEOMETRIC_PRESENTATION_REPRESENTATION (  '', ( #323 ), #726 ) ;
#42 = CARTESIAN_POINT ( 'NONE',  ( 10.00000000000000000, 0.000000000000000000, 15.00000000000000000 ) ) ;
#43 = PRESENTATION_LAYER_ASSIGNMENT (  '', '', ( #1371 ) ) ;
#44 = CARTESIAN_POINT ( 'NONE',  ( -10.00000000000000000, 0.2000000000000000111, 0.000000000000000000 ) ) ;
#45 =( GEOMETRIC_REPRESENTATION_CONTEXT ( 3 ) GLOBAL_UNCERTAINTY_ASSIGNED_CONTEXT ( ( #1277 ) ) GLOBAL_UNIT_ASSIGNED_CONTEXT ( ( #691, #429, #1038 ) ) REPRESENTATION_CONTEXT ( 'NONE', 'WORKASPACE' ) );
#46 =( NAMED_UNIT ( * ) PLANE_ANGLE_UNIT ( ) SI_UNIT ( $, .RADIAN. ) );
#47 = LINE ( 'NONE', #512, #129 ) ;
#48 = EDGE_CURVE ( 'NONE', #1337, #810, #492, .T. ) ;
#49 = ORIENTED_EDGE ( 'NONE', *, *, #218, .F. ) ;
#50 = DIRECTION ( 'NONE',  ( 0.000000000000000000, -0.000000000000000000, 1.000000000000000000 ) ) ;
#51 = DIRECTION ( 'NONE',  ( 0.04993761694389222544, -0.9987523388778447586, 0.000000000000000000 ) ) ;
#52 = PRESENTATION_LAYER_ASSIGNMENT (  '', '', ( #1073 ) ) ;
#53 = COLOUR_RGB ( '',1.000000000000000000, 1.000000000000000000, 1.000000000000000000 ) ;
#54 = DIRECTION ( 'NONE',  ( 0.000000000000000000, -1.000000000000000000, 0.000000000000000000 ) ) ;
#55 = CARTESIAN_POINT ( 'NONE',  ( -3.678160919540230278, 0.5160919540229884639, -56.52298850574712219 ) ) ;
#56 = VERTEX_POINT ( 'NONE', #151 ) ;
#57 = PLANE ( 'NONE',  #720 ) ;
#58 = FACE_OUTER_BOUND ( 'NONE', #613, .T. ) ;
#59 = AXIS2_PLACEMENT_3D ( 'NONE', #1122, #1258, #559 ) ;
#60 = PRESENTATION_LAYER_ASSIGNMENT (  '', '', ( #201 ) ) ;
#61 = SURFACE_STYLE_USAGE ( .BOTH. , #1119 ) ;
#62 = ORIENTED_EDGE ( 'NONE', *, *, #515, .F. ) ;
#63 = SURFACE_STYLE_FILL_AREA ( #1235 ) ;
#64 = VECTOR ( 'NONE', #353, 1000.000000000000000 ) ;
#65 = DIRECTION ( 'NONE',  ( 0.000000000000000000, 1.000000000000000000, 0.000000000000000000 ) ) ;
#66 = EDGE_CURVE ( 'NONE', #1433, #1044, #610, .T. ) ;
#67 =( NAMED_UNIT ( * ) SI_UNIT ( $, .STERADIAN. ) SOLID_ANGLE_UNIT ( ) );
#68 = PRESENTATION_LAYER_ASSIGNMENT (  '', '', ( #1163 ) ) ;
#69 =( NAMED_UNIT ( * ) PLANE_ANGLE_UNIT ( ) SI_UNIT ( $, .RADIAN. ) );
#70 = SURFACE_STYLE_USAGE ( .BOTH. , #1455 ) ;
#71 = COLOUR_RGB ( '',1.000000000000000000, 1.000000000000000000, 1.000000000000000000 ) ;
#72 = DIRECTION ( 'NONE',  ( -0.000000000000000000, 0.000000000000000000, 1.000000000000000000 ) ) ;
#73 = ORIENTED_EDGE ( 'NONE', *, *, #1408, .T. ) ;
#74 = CARTESIAN_POINT ( 'NONE',  ( 0.000000000000000000, 0.000000000000000000, -30.00000000000000000 ) ) ;
#75 = PRESENTATION_LAYER_ASSIGNMENT (  '', '', ( #738 ) ) ;
#76 = CARTESIAN_POINT ( 'NONE',  ( -10.00000000000000000, 0.000000000000000000, -45.00000000000000000 ) ) ;
#77 = PLANE ( 'NONE',  #768 ) ;
#78 = ORIENTED_EDGE ( 'NONE', *, *, #358, .F. ) ;
#79 = SURFACE_STYLE_FILL_AREA ( #1345 ) ;
#80 = DIRECTION ( 'NONE',  ( -0.000000000000000000, 1.000000000000000000, -0.000000000000000000 ) ) ;
#81 = EDGE_CURVE ( 'NONE', #651, #1292, #822, .T. ) ;
#82 = VECTOR ( 'NONE', #219, 1000.000000000000000 ) ;
#83 = EDGE_LOOP ( 'NONE', ( #907, #1101, #597, #921, #1412 ) ) ;
#84 =( GEOMETRIC_REPRESENTATION_CONTEXT ( 3 ) GLOBAL_UNCERTAINTY_ASSIGNED_CONTEXT ( ( #954 ) ) GLOBAL_UNIT_ASSIGNED_CONTEXT ( ( #7, #926, #554 ) ) REPRESENTATION_CONTEXT ( 'NONE', 'WORKASPACE' ) );
#85 = DIRECTION ( 'NONE',  ( 1.000000000000000000, 0.000000000000000000, -0.000000000000000000 ) ) ;
#86 = DIRECTION ( 'NONE',  ( 1.000000000000000000, 0.000000000000000000, 0.000000000000000000 ) ) ;
#87 = SURFACE_SIDE_STYLE ('',( #561 ) ) ;
#88 = MECHANICAL_DESIGN_GEOMETRIC_PRESENTATION_REPRESENTATION (  '', ( #1395 ), #861 ) ;
#89 = DIRECTION ( 'NONE',  ( -0.000000000000000000, 0.000000000000000000, 1.000000000000000000 ) ) ;
#90 = SURFACE_SIDE_STYLE ('',( #671 ) ) ;
#91 = ORIENTED_EDGE ( 'NONE', *, *, #1173, .F. ) ;
#92 = ADVANCED_FACE ( 'NONE', ( #953 ), #258, .F. ) ;
#93 = PLANE ( 'NONE',  #493 ) ;
#94 = CARTESIAN_POINT ( 'NONE',  ( -10.00000000000000000, 0.2000000000000000111, 15.00000000000000000 ) ) ;
#95 = CARTESIAN_POINT ( 'NONE',  ( -10.00000000000000000, 0.2000000000000000111, -30.00000000000000000 ) ) ;
#96 = MECHANICAL_DESIGN_GEOMETRIC_PRESENTATION_REPRESENTATION (  '', ( #738 ), #361 ) ;
#97 = VERTEX_POINT ( 'NONE', #1059 ) ;
#98 = CARTESIAN_POINT ( 'NONE',  ( -10.00000000000000000, 0.2000000000000000111, -45.00000000000000000 ) ) ;
#99 =( NAMED_UNIT ( * ) SI_UNIT ( $, .STERADIAN. ) SOLID_ANGLE_UNIT ( ) );
#100 = DIRECTION ( 'NONE',  ( 1.000000000000000000, 0.000000000000000000, 0.000000000000000000 ) ) ;
#101 = DIRECTION ( 'NONE',  ( 0.04993761694389222544, -0.9987523388778447586, 0.000000000000000000 ) ) ;
#102 = ORIENTED_EDGE ( 'NONE', *, *, #81, .T. ) ;
#103 = SURFACE_SIDE_STYLE ('',( #704 ) ) ;
#104 = COLOUR_RGB ( '',1.000000000000000000, 0.000000000000000000, 0.000000000000000000 ) ;
#105 = VERTEX_POINT ( 'NONE', #16 ) ;
#106 = LINE ( 'NONE', #572, #609 ) ;
#107 = SURFACE_STYLE_FILL_AREA ( #456 ) ;
#108 = EDGE_CURVE ( 'NONE', #1139, #938, #485, .T. ) ;
#109 =( NAMED_UNIT ( * ) PLANE_ANGLE_UNIT ( ) SI_UNIT ( $, .RADIAN. ) );
#110 = CLOSED_SHELL ( 'NONE', ( #1418, #503, #92, #446, #1490, #478, #1343 ) ) ;
#111 = PRESENTATION_LAYER_ASSIGNMENT (  '', '', ( #1395 ) ) ;
#112 = ORIENTED_EDGE ( 'NONE', *, *, #1314, .F. ) ;
#113 = DIRECTION ( 'NONE',  ( 0.000000000000000000, -0.000000000000000000, 1.000000000000000000 ) ) ;
#114 = ORIENTED_EDGE ( 'NONE', *, *, #295, .T. ) ;
#115 = DIRECTION ( 'NONE',  ( 0.04993761694389222544, -0.9987523388778447586, 0.000000000000000000 ) ) ;
#116 = FILL_AREA_STYLE_COLOUR ( '', #461 ) ;
#117 = SURFACE_STYLE_USAGE ( .BOTH. , #351 ) ;
#118 = FACE_OUTER_BOUND ( 'NONE', #558, .T. ) ;
#119 = ORIENTED_EDGE ( 'NONE', *, *, #842, .T. ) ;
#120 = MECHANICAL_DESIGN_GEOMETRIC_PRESENTATION_REPRESENTATION (  '', ( #435 ), #146 ) ;
#121 =( NAMED_UNIT ( * ) SI_UNIT ( $, .STERADIAN. ) SOLID_ANGLE_UNIT ( ) );
#122 = ORIENTED_EDGE ( 'NONE', *, *, #1124, .F. ) ;
#123 = DIRECTION ( 'NONE',  ( -0.000000000000000000, 1.000000000000000000, -0.000000000000000000 ) ) ;
#124 = CARTESIAN_POINT ( 'NONE',  ( -12.00000000000000355, 0.2000000000000000111, -45.00000000000000000 ) ) ;
#125 = EDGE_CURVE ( 'NONE', #105, #877, #1226, .T. ) ;
#126 = UNCERTAINTY_MEASURE_WITH_UNIT (LENGTH_MEASURE( 1.000000000000000082E-05 ), #603, 'distance_accuracy_value', 'NONE');
#127 = SURFACE_SIDE_STYLE ('',( #9 ) ) ;
#128 = VERTEX_POINT ( 'NONE', #519 ) ;
#129 = VECTOR ( 'NONE', #1036, 1000.000000000000000 ) ;
#130 = DIRECTION ( 'NONE',  ( 1.000000000000000000, 0.000000000000000000, 0.000000000000000000 ) ) ;
#131 = UNCERTAINTY_MEASURE_WITH_UNIT (LENGTH_MEASURE( 1.000000000000000082E-05 ), #1138, 'distance_accuracy_value', 'NONE');
#132 = DIRECTION ( 'NONE',  ( 0.9987523388778446476, 0.04993761694389221850, 0.000000000000000000 ) ) ;
#133 = DIRECTION ( 'NONE',  ( 0.9987523388778446476, 0.04993761694389221850, 0.000000000000000000 ) ) ;
#134 = PLANE ( 'NONE',  #1470 ) ;
#135 = SURFACE_STYLE_FILL_AREA ( #1179 ) ;
#136 = SURFACE_STYLE_USAGE ( .BOTH. , #127 ) ;
#137 = VERTEX_POINT ( 'NONE', #76 ) ;
#138 = PRESENTATION_LAYER_ASSIGNMENT (  '', '', ( #601 ) ) ;
#139 = SURFACE_STYLE_USAGE ( .BOTH. , #843 ) ;
#140 = SURFACE_SIDE_STYLE ('',( #250 ) ) ;
#141 =( GEOMETRIC_REPRESENTATION_CONTEXT ( 3 ) GLOBAL_UNCERTAINTY_ASSIGNED_CONTEXT ( ( #1197 ) ) GLOBAL_UNIT_ASSIGNED_CONTEXT ( ( #1414, #227, #733 ) ) REPRESENTATION_CONTEXT ( 'NONE', 'WORKASPACE' ) );
#142 = FILL_AREA_STYLE ('',( #709 ) ) ;
#143 = PRESENTATION_STYLE_ASSIGNMENT (( #1491 ) ) ;
#144 = FILL_AREA_STYLE ('',( #1307 ) ) ;
#145 = ORIENTED_EDGE ( 'NONE', *, *, #1153, .T. ) ;
#146 =( GEOMETRIC_REPRESENTATION_CONTEXT ( 3 ) GLOBAL_UNCERTAINTY_ASSIGNED_CONTEXT ( ( #319 ) ) GLOBAL_UNIT_ASSIGNED_CONTEXT ( ( #1426, #212, #1375 ) ) REPRESENTATION_CONTEXT ( 'NONE', 'WORKASPACE' ) );
#147 = FILL_AREA_STYLE_COLOUR ( '', #171 ) ;
#148 = UNCERTAINTY_MEASURE_WITH_UNIT (LENGTH_MEASURE( 1.000000000000000082E-05 ), #933, 'distance_accuracy_value', 'NONE');
#149 = FACE_OUTER_BOUND ( 'NONE', #604, .T. ) ;
#150 =( LENGTH_UNIT ( ) NAMED_UNIT ( * ) SI_UNIT ( .MILLI., .METRE. ) );
#151 = CARTESIAN_POINT ( 'NONE',  ( 10.00000000000000000, 1.199999999999999956, 0.000000000000000000 ) ) ;
#152 = LINE ( 'NONE', #254, #1404 ) ;
#153 = ORIENTED_EDGE ( 'NONE', *, *, #722, .T. ) ;
#154 = DIRECTION ( 'NONE',  ( 0.000000000000000000, 0.000000000000000000, 1.000000000000000000 ) ) ;
#155 = AXIS2_PLACEMENT_3D ( 'NONE', #288, #65, #761 ) ;
#156 = FACE_OUTER_BOUND ( 'NONE', #229, .T. ) ;
#157 = VECTOR ( 'NONE', #1010, 1000.000000000000114 ) ;
#158 = EDGE_CURVE ( 'NONE', #180, #1472, #1106, .T. ) ;
#159 = LINE ( 'NONE', #641, #1425 ) ;
#160 =( LENGTH_UNIT ( ) NAMED_UNIT ( * ) SI_UNIT ( .MILLI., .METRE. ) );
#161 = DIRECTION ( 'NONE',  ( -0.000000000000000000, 1.000000000000000000, -0.000000000000000000 ) ) ;
#162 = FILL_AREA_STYLE ('',( #832 ) ) ;
#163 = ORIENTED_EDGE ( 'NONE', *, *, #376, .F. ) ;
#164 = SURFACE_STYLE_FILL_AREA ( #1209 ) ;
#165 = VECTOR ( 'NONE', #221, 1000.000000000000000 ) ;
#166 = SURFACE_STYLE_USAGE ( .BOTH. , #1339 ) ;
#167 = DIRECTION ( 'NONE',  ( 0.000000000000000000, 0.000000000000000000, 1.000000000000000000 ) ) ;
#168 = DIRECTION ( 'NONE',  ( 0.000000000000000000, 0.000000000000000000, 1.000000000000000000 ) ) ;
#169 = VERTEX_POINT ( 'NONE', #1098 ) ;
#170 = DIRECTION ( 'NONE',  ( 1.000000000000000000, 0.000000000000000000, 0.000000000000000000 ) ) ;
#171 = COLOUR_RGB ( '',1.000000000000000000, 0.000000000000000000, 0.000000000000000000 ) ;
#172 = LINE ( 'NONE', #502, #1479 ) ;
#173 = MECHANICAL_DESIGN_GEOMETRIC_PRESENTATION_REPRESENTATION (  '', ( #711 ), #1019 ) ;
#174 = VERTEX_POINT ( 'NONE', #882 ) ;
#175 = ADVANCED_FACE ( 'NONE', ( #1113 ), #408, .F. ) ;
#176 = FACE_OUTER_BOUND ( 'NONE', #1208, .T. ) ;
#177 = MECHANICAL_DESIGN_GEOMETRIC_PRESENTATION_REPRESENTATION (  '', ( #314 ), #857 ) ;
#178 = FILL_AREA_STYLE ('',( #421 ) ) ;
#179 = FILL_AREA_STYLE_COLOUR ( '', #905 ) ;
#180 = VERTEX_POINT ( 'NONE', #191 ) ;
#181 = ADVANCED_FACE ( 'NONE', ( #983 ), #278, .F. ) ;
#182 =( GEOMETRIC_REPRESENTATION_CONTEXT ( 3 ) GLOBAL_UNCERTAINTY_ASSIGNED_CONTEXT ( ( #1154 ) ) GLOBAL_UNIT_ASSIGNED_CONTEXT ( ( #242, #382, #607 ) ) REPRESENTATION_CONTEXT ( 'NONE', 'WORKASPACE' ) );
#183 = STYLED_ITEM ( 'NONE', ( #474 ), #478 ) ;
#184 = PRESENTATION_STYLE_ASSIGNMENT (( #61 ) ) ;
#185 =( NAMED_UNIT ( * ) PLANE_ANGLE_UNIT ( ) SI_UNIT ( $, .RADIAN. ) );
#186 = VERTEX_POINT ( 'NONE', #662 ) ;
#187 = FACE_OUTER_BOUND ( 'NONE', #1088, .T. ) ;
#188 = CARTESIAN_POINT ( 'NONE',  ( -10.00000000000000000, 0.000000000000000000, -45.00000000000000000 ) ) ;
#189 = ADVANCED_FACE ( 'NONE', ( #511 ), #270, .T. ) ;
#190 = VECTOR ( 'NONE', #1200, 1000.000000000000000 ) ;
#191 = CARTESIAN_POINT ( 'NONE',  ( -10.00000000000000000, 0.000000000000000000, 0.000000000000000000 ) ) ;
#192 = CARTESIAN_POINT ( 'NONE',  ( -10.00000000000000000, 0.2000000000000000111, 15.00000000000000000 ) ) ;
#193 = ORIENTED_EDGE ( 'NONE', *, *, #894, .T. ) ;
#194 = FILL_AREA_STYLE_COLOUR ( '', #932 ) ;
#195 = PLANE ( 'NONE',  #1399 ) ;
#196 = VECTOR ( 'NONE', #1423, 1000.000000000000000 ) ;
#197 = ADVANCED_FACE ( 'NONE', ( #1259 ), #1364, .F. ) ;
#198 = STYLED_ITEM ( 'NONE', ( #777 ), #784 ) ;
#199 = FILL_AREA_STYLE_COLOUR ( '', #1066 ) ;
#200 = LINE ( 'NONE', #1377, #548 ) ;
#201 = STYLED_ITEM ( 'NONE', ( #1439 ), #867 ) ;
#202 = ORIENTED_EDGE ( 'NONE', *, *, #125, .F. ) ;
#203 = COLOUR_RGB ( '',1.000000000000000000, 1.000000000000000000, 1.000000000000000000 ) ;
#204 = FILL_AREA_STYLE_COLOUR ( '', #1217 ) ;
#205 = CARTESIAN_POINT ( 'NONE',  ( -10.00000000000000000, 0.2000000000000000111, -30.00000000000000000 ) ) ;
#206 = VECTOR ( 'NONE', #1039, 1000.000000000000000 ) ;
#207 = PRESENTATION_STYLE_ASSIGNMENT (( #792 ) ) ;
#208 = PRESENTATION_STYLE_ASSIGNMENT (( #588 ) ) ;
#209 = ORIENTED_EDGE ( 'NONE', *, *, #28, .T. ) ;
#210 =( LENGTH_UNIT ( ) NAMED_UNIT ( * ) SI_UNIT ( .MILLI., .METRE. ) );
#211 = EDGE_LOOP ( 'NONE', ( #355, #1333, #112 ) ) ;
#212 =( NAMED_UNIT ( * ) PLANE_ANGLE_UNIT ( ) SI_UNIT ( $, .RADIAN. ) );
#213 = CARTESIAN_POINT ( 'NONE',  ( -10.00000000000000000, 0.2000000000000000111, -45.00000000000000000 ) ) ;
#214 = MECHANICAL_DESIGN_GEOMETRIC_PRESENTATION_REPRESENTATION (  '', ( #260 ), #516 ) ;
#215 = SURFACE_STYLE_FILL_AREA ( #1465 ) ;
#216 = VECTOR ( 'NONE', #367, 1000.000000000000000 ) ;
#217 = EDGE_LOOP ( 'NONE', ( #450, #1158, #1221, #629, #344 ) ) ;
#218 = EDGE_CURVE ( 'NONE', #580, #180, #1252, .T. ) ;
#219 = DIRECTION ( 'NONE',  ( 0.000000000000000000, -1.000000000000000000, 0.000000000000000000 ) ) ;
#220 = PLANE ( 'NONE',  #1018 ) ;
#221 = DIRECTION ( 'NONE',  ( -0.000000000000000000, 1.000000000000000000, -0.000000000000000000 ) ) ;
#222 = FILL_AREA_STYLE ('',( #1033 ) ) ;
#223 = COLOUR_RGB ( '',1.000000000000000000, 1.000000000000000000, 1.000000000000000000 ) ;
#224 = FACE_OUTER_BOUND ( 'NONE', #494, .T. ) ;
#225 = FILL_AREA_STYLE ('',( #271 ) ) ;
#226 = ADVANCED_FACE ( 'NONE', ( #228 ), #1147, .F. ) ;
#227 =( NAMED_UNIT ( * ) PLANE_ANGLE_UNIT ( ) SI_UNIT ( $, .RADIAN. ) );
#228 = FACE_OUTER_BOUND ( 'NONE', #501, .T. ) ;
#229 = EDGE_LOOP ( 'NONE', ( #673, #1174, #1429, #1017 ) ) ;
#230 = LINE ( 'NONE', #346, #895 ) ;
#231 = VECTOR ( 'NONE', #913, 1000.000000000000000 ) ;
#232 = ORIENTED_EDGE ( 'NONE', *, *, #576, .F. ) ;
#233 = LINE ( 'NONE', #698, #950 ) ;
#234 =( LENGTH_UNIT ( ) NAMED_UNIT ( * ) SI_UNIT ( .MILLI., .METRE. ) );
#235 = ADVANCED_FACE ( 'NONE', ( #372 ), #718, .T. ) ;
#236 = FILL_AREA_STYLE_COLOUR ( '', #203 ) ;
#237 = DIRECTION ( 'NONE',  ( 0.000000000000000000, -0.09053574604251851676, -0.9958932064677038509 ) ) ;
#238 = STYLED_ITEM ( 'NONE', ( #1443 ), #1286 ) ;
#239 = ORIENTED_EDGE ( 'NONE', *, *, #605, .T. ) ;
#240 = DIRECTION ( 'NONE',  ( 1.000000000000000000, 0.000000000000000000, -0.000000000000000000 ) ) ;
#241 = PLANE ( 'NONE',  #787 ) ;
#242 =( LENGTH_UNIT ( ) NAMED_UNIT ( * ) SI_UNIT ( .MILLI., .METRE. ) );
#243 = CARTESIAN_POINT ( 'NONE',  ( 10.00000000000000000, 1.199999999999999956, -45.00000000000000000 ) ) ;
#244 = PRODUCT_RELATED_PRODUCT_CATEGORY ( 'part', '', ( #959 ) ) ;
#245 = UNCERTAINTY_MEASURE_WITH_UNIT (LENGTH_MEASURE( 1.000000000000000082E-05 ), #747, 'distance_accuracy_value', 'NONE');
#246 = PLANE ( 'NONE',  #1382 ) ;
#247 = ORIENTED_EDGE ( 'NONE', *, *, #928, .T. ) ;
#248 = MECHANICAL_DESIGN_GEOMETRIC_PRESENTATION_REPRESENTATION (  '', ( #201 ), #449 ) ;
#249 = FILL_AREA_STYLE ('',( #1300 ) ) ;
#250 = SURFACE_STYLE_FILL_AREA ( #1186 ) ;
#251 =( NAMED_UNIT ( * ) SI_UNIT ( $, .STERADIAN. ) SOLID_ANGLE_UNIT ( ) );
#252 = CARTESIAN_POINT ( 'NONE',  ( -10.00000000000000000, 0.000000000000000000, -30.00000000000000000 ) ) ;
#253 = SURFACE_SIDE_STYLE ('',( #135 ) ) ;
#254 = CARTESIAN_POINT ( 'NONE',  ( -10.00000000000000000, 0.2000000000000000111, -45.00000000000000000 ) ) ;
#255 = EDGE_LOOP ( 'NONE', ( #828, #1005, #378, #570 ) ) ;
#256 =( LENGTH_UNIT ( ) NAMED_UNIT ( * ) SI_UNIT ( .MILLI., .METRE. ) );
#257 = DIRECTION ( 'NONE',  ( 0.000000000000000000, -0.9958932064677038509, 0.09053574604251851676 ) ) ;
#258 = PLANE ( 'NONE',  #627 ) ;
#259 = ORIENTED_EDGE ( 'NONE', *, *, #1102, .T. ) ;
#260 = STYLED_ITEM ( 'NONE', ( #508 ), #1220 ) ;
#261 = ADVANCED_FACE ( 'NONE', ( #1168 ), #834, .F. ) ;
#262 = PRESENTATION_LAYER_ASSIGNMENT (  '', '', ( #925 ) ) ;
#263 = UNCERTAINTY_MEASURE_WITH_UNIT (LENGTH_MEASURE( 1.000000000000000082E-05 ), #160, 'distance_accuracy_value', 'NONE');
#264 = CARTESIAN_POINT ( 'NONE',  ( 0.000000000000000000, 0.000000000000000000, -45.00000000000000000 ) ) ;
#265 = CARTESIAN_POINT ( 'NONE',  ( 10.00000000000000000, 0.000000000000000000, 0.000000000000000000 ) ) ;
#266 = ORIENTED_EDGE ( 'NONE', *, *, #48, .T. ) ;
#267 = CARTESIAN_POINT ( 'NONE',  ( -10.00000000000000000, 0.2000000000000000111, 15.00000000000000000 ) ) ;
#268 = VECTOR ( 'NONE', #774, 1000.000000000000000 ) ;
#269 = FACE_OUTER_BOUND ( 'NONE', #336, .T. ) ;
#270 = PLANE ( 'NONE',  #702 ) ;
#271 = FILL_AREA_STYLE_COLOUR ( '', #1341 ) ;
#272 = VERTEX_POINT ( 'NONE', #1057 ) ;
#273 = SURFACE_SIDE_STYLE ('',( #987 ) ) ;
#274 = FILL_AREA_STYLE_COLOUR ( '', #1151 ) ;
#275 = VECTOR ( 'NONE', #565, 1000.000000000000000 ) ;
#276 = LINE ( 'NONE', #1104, #165 ) ;
#277 = ADVANCED_FACE ( 'NONE', ( #1075 ), #483, .F. ) ;
#278 = PLANE ( 'NONE',  #1330 ) ;
#279 = ORIENTED_EDGE ( 'NONE', *, *, #928, .F. ) ;
#280 =( LENGTH_UNIT ( ) NAMED_UNIT ( * ) SI_UNIT ( .MILLI., .METRE. ) );
#281 = VECTOR ( 'NONE', #975, 1000.000000000000000 ) ;
#282 = COLOUR_RGB ( '',1.000000000000000000, 1.000000000000000000, 1.000000000000000000 ) ;
#283 = SURFACE_STYLE_FILL_AREA ( #648 ) ;
#284 = CARTESIAN_POINT ( 'NONE',  ( -3.678160919540230278, 0.5160919540229884639, -41.52298850574712219 ) ) ;
#285 = ADVANCED_FACE ( 'NONE', ( #58 ), #1001, .F. ) ;
#286 = ORIENTED_EDGE ( 'NONE', *, *, #398, .T. ) ;
#287 =( NAMED_UNIT ( * ) PLANE_ANGLE_UNIT ( ) SI_UNIT ( $, .RADIAN. ) );
#288 = CARTESIAN_POINT ( 'NONE',  ( -10.00000000000000000, 0.000000000000000000, -45.00000000000000000 ) ) ;
#289 = CARTESIAN_POINT ( 'NONE',  ( -10.00000000000000000, 0.000000000000000000, 0.000000000000000000 ) ) ;
#290 = VECTOR ( 'NONE', #860, 1000.000000000000000 ) ;
#291 = STYLED_ITEM ( 'NONE', ( #1477 ), #885 ) ;
#292 =( NAMED_UNIT ( * ) SI_UNIT ( $, .STERADIAN. ) SOLID_ANGLE_UNIT ( ) );
#293 = ORIENTED_EDGE ( 'NONE', *, *, #1202, .T. ) ;
#294 = PLANE ( 'NONE',  #1100 ) ;
#295 = EDGE_CURVE ( 'NONE', #1044, #956, #159, .T. ) ;
#296 = SURFACE_STYLE_FILL_AREA ( #682 ) ;
#297 = STYLED_ITEM ( 'NONE', ( #184 ), #181 ) ;
#298 = LINE ( 'NONE', #1123, #1234 ) ;
#299 = AXIS2_PLACEMENT_3D ( 'NONE', #852, #1451, #1231 ) ;
#300 = PRESENTATION_LAYER_ASSIGNMENT (  '', '', ( #1069 ) ) ;
#301 =( LENGTH_UNIT ( ) NAMED_UNIT ( * ) SI_UNIT ( .MILLI., .METRE. ) );
#302 =( NAMED_UNIT ( * ) SI_UNIT ( $, .STERADIAN. ) SOLID_ANGLE_UNIT ( ) );
#303 = VERTEX_POINT ( 'NONE', #420 ) ;
#304 = FILL_AREA_STYLE ('',( #652 ) ) ;
#305 = CARTESIAN_POINT ( 'NONE',  ( -10.00000000000000000, 0.000000000000000000, -30.00000000000000000 ) ) ;
#306 = ADVANCED_FACE ( 'NONE', ( #269 ), #632, .F. ) ;
#307 = AXIS2_PLACEMENT_3D ( 'NONE', #1309, #1095, #50 ) ;
#308 =( GEOMETRIC_REPRESENTATION_CONTEXT ( 3 ) GLOBAL_UNCERTAINTY_ASSIGNED_CONTEXT ( ( #679 ) ) GLOBAL_UNIT_ASSIGNED_CONTEXT ( ( #280, #1344, #427 ) ) REPRESENTATION_CONTEXT ( 'NONE', 'WORKASPACE' ) );
#309 = CARTESIAN_POINT ( 'NONE',  ( -10.00000000000000000, 0.000000000000000000, 15.00000000000000000 ) ) ;
#310 = VERTEX_POINT ( 'NONE', #1437 ) ;
#311 = DIRECTION ( 'NONE',  ( -0.000000000000000000, -0.000000000000000000, -1.000000000000000000 ) ) ;
#312 =( LENGTH_UNIT ( ) NAMED_UNIT ( * ) SI_UNIT ( .MILLI., .METRE. ) );
#313 = LINE ( 'NONE', #685, #1016 ) ;
#314 = STYLED_ITEM ( 'NONE', ( #846 ), #701 ) ;
#315 = SURFACE_STYLE_FILL_AREA ( #1270 ) ;
#316 = FILL_AREA_STYLE ('',( #541 ) ) ;
#317 = ORIENTED_EDGE ( 'NONE', *, *, #791, .T. ) ;
#318 =( GEOMETRIC_REPRESENTATION_CONTEXT ( 3 ) GLOBAL_UNCERTAINTY_ASSIGNED_CONTEXT ( ( #1485 ) ) GLOBAL_UNIT_ASSIGNED_CONTEXT ( ( #809, #1253, #802 ) ) REPRESENTATION_CONTEXT ( 'NONE', 'WORKASPACE' ) );
#319 = UNCERTAINTY_MEASURE_WITH_UNIT (LENGTH_MEASURE( 1.000000000000000082E-05 ), #1426, 'distance_accuracy_value', 'NONE');
#320 = LINE ( 'NONE', #1480, #2 ) ;
#321 = VERTEX_POINT ( 'NONE', #400 ) ;
#322 = CARTESIAN_POINT ( 'NONE',  ( 0.000000000000000000, 0.000000000000000000, -30.00000000000000000 ) ) ;
#323 = STYLED_ITEM ( 'NONE', ( #729 ), #92 ) ;
#324 =( GEOMETRIC_REPRESENTATION_CONTEXT ( 3 ) GLOBAL_UNCERTAINTY_ASSIGNED_CONTEXT ( ( #1296 ) ) GLOBAL_UNIT_ASSIGNED_CONTEXT ( ( #1318, #360, #499 ) ) REPRESENTATION_CONTEXT ( 'NONE', 'WORKASPACE' ) );
#325 = PRESENTATION_STYLE_ASSIGNMENT (( #808 ) ) ;
#326 = PRESENTATION_STYLE_ASSIGNMENT (( #1386 ) ) ;
#327 = EDGE_CURVE ( 'NONE', #1315, #186, #276, .T. ) ;
#328 = ORIENTED_EDGE ( 'NONE', *, *, #1124, .T. ) ;
#329 = PRESENTATION_LAYER_ASSIGNMENT (  '', '', ( #821 ) ) ;
#330 = LINE ( 'NONE', #786, #1241 ) ;
#331 = PLANE ( 'NONE',  #59 ) ;
#332 = DIRECTION ( 'NONE',  ( 1.000000000000000000, 0.000000000000000000, 0.000000000000000000 ) ) ;
#333 = MECHANICAL_DESIGN_GEOMETRIC_PRESENTATION_REPRESENTATION (  '', ( #1073 ), #892 ) ;
#334 = FILL_AREA_STYLE ('',( #1169 ) ) ;
#335 = VECTOR ( 'NONE', #377, 1000.000000000000000 ) ;
#336 = EDGE_LOOP ( 'NONE', ( #1133, #1199, #78, #425 ) ) ;
#337 = EDGE_CURVE ( 'NONE', #174, #1366, #1137, .T. ) ;
#338 = CARTESIAN_POINT ( 'NONE',  ( 10.00000000000000178, 1.199999999999999956, -4.000000000000000000 ) ) ;
#339 = VERTEX_POINT ( 'NONE', #1356 ) ;
#340 = CARTESIAN_POINT ( 'NONE',  ( -10.00000000000000000, 0.2000000000000000111, -30.00000000000000000 ) ) ;
#341 = UNCERTAINTY_MEASURE_WITH_UNIT (LENGTH_MEASURE( 1.000000000000000082E-05 ), #1323, 'distance_accuracy_value', 'NONE');
#342 = FILL_AREA_STYLE ('',( #116 ) ) ;
#343 = SURFACE_STYLE_FILL_AREA ( #316 ) ;
#344 = ORIENTED_EDGE ( 'NONE', *, *, #1329, .T. ) ;
#345 = MECHANICAL_DESIGN_GEOMETRIC_PRESENTATION_REPRESENTATION (  '', ( #33 ), #1027 ) ;
#346 = CARTESIAN_POINT ( 'NONE',  ( 10.00000000000000000, 1.560655737704917723, -15.03278688524589946 ) ) ;
#347 = ORIENTED_EDGE ( 'NONE', *, *, #557, .F. ) ;
#348 = EDGE_CURVE ( 'NONE', #137, #918, #298, .T. ) ;
#349 = PRESENTATION_STYLE_ASSIGNMENT (( #903 ) ) ;
#350 =( NAMED_UNIT ( * ) SI_UNIT ( $, .STERADIAN. ) SOLID_ANGLE_UNIT ( ) );
#351 = SURFACE_SIDE_STYLE ('',( #1393 ) ) ;
#352 = VECTOR ( 'NONE', #540, 1000.000000000000114 ) ;
#353 = DIRECTION ( 'NONE',  ( 0.000000000000000000, -1.000000000000000000, 0.000000000000000000 ) ) ;
#354 = STYLED_ITEM ( 'NONE', ( #497 ), #235 ) ;
#355 = ORIENTED_EDGE ( 'NONE', *, *, #1153, .F. ) ;
#356 = FILL_AREA_STYLE ('',( #939 ) ) ;
#357 = CARTESIAN_POINT ( 'NONE',  ( -3.678160919540230278, 0.5160919540229884639, -11.52298850574712574 ) ) ;
#358 = EDGE_CURVE ( 'NONE', #918, #1456, #1028, .T. ) ;
#359 = VECTOR ( 'NONE', #1405, 1000.000000000000000 ) ;
#360 =( NAMED_UNIT ( * ) PLANE_ANGLE_UNIT ( ) SI_UNIT ( $, .RADIAN. ) );
#361 =( GEOMETRIC_REPRESENTATION_CONTEXT ( 3 ) GLOBAL_UNCERTAINTY_ASSIGNED_CONTEXT ( ( #602 ) ) GLOBAL_UNIT_ASSIGNED_CONTEXT ( ( #872, #287, #121 ) ) REPRESENTATION_CONTEXT ( 'NONE', 'WORKASPACE' ) );
#362 = CARTESIAN_POINT ( 'NONE',  ( 10.00000000000000000, 1.560655737704917723, -45.03278688524589768 ) ) ;
#363 = EDGE_LOOP ( 'NONE', ( #1308, #681, #769 ) ) ;
#364 = PLANE ( 'NONE',  #307 ) ;
#365 = SURFACE_STYLE_USAGE ( .BOTH. , #952 ) ;
#366 = PRODUCT_DEFINITION_SHAPE ( 'NONE', 'NONE',  #524 ) ;
#367 = DIRECTION ( 'NONE',  ( -0.000000000000000000, -0.000000000000000000, -1.000000000000000000 ) ) ;
#368 = ORIENTED_EDGE ( 'NONE', *, *, #765, .F. ) ;
#369 = AXIS2_PLACEMENT_3D ( 'NONE', #930, #1284, #130 ) ;
#370 = CARTESIAN_POINT ( 'NONE',  ( -10.00000000000000000, 0.000000000000000000, -45.00000000000000000 ) ) ;
#371 = PRESENTATION_LAYER_ASSIGNMENT (  '', '', ( #748 ) ) ;
#372 = FACE_OUTER_BOUND ( 'NONE', #1020, .T. ) ;
#373 = LINE ( 'NONE', #1076, #1346 ) ;
#374 = AXIS2_PLACEMENT_3D ( 'NONE', #124, #1205, #237 ) ;
#375 = CARTESIAN_POINT ( 'NONE',  ( -10.00000000000000000, 0.2000000000000000111, 0.000000000000000000 ) ) ;
#376 = EDGE_CURVE ( 'NONE', #1456, #105, #313, .T. ) ;
#377 = DIRECTION ( 'NONE',  ( 0.000000000000000000, 0.09053574604251851676, 0.9958932064677038509 ) ) ;
#378 = ORIENTED_EDGE ( 'NONE', *, *, #385, .F. ) ;
#379 = STYLED_ITEM ( 'NONE', ( #14 ), #261 ) ;
#380 = PRESENTATION_LAYER_ASSIGNMENT (  '', '', ( #183 ) ) ;
#381 = CARTESIAN_POINT ( 'NONE',  ( 10.00000000000000000, 1.199999999999999956, 0.000000000000000000 ) ) ;
#382 =( NAMED_UNIT ( * ) PLANE_ANGLE_UNIT ( ) SI_UNIT ( $, .RADIAN. ) );
#383 = PRESENTATION_STYLE_ASSIGNMENT (( #592 ) ) ;
#384 = UNCERTAINTY_MEASURE_WITH_UNIT (LENGTH_MEASURE( 1.000000000000000082E-05 ), #1040, 'distance_accuracy_value', 'NONE');
#385 = EDGE_CURVE ( 'NONE', #1108, #877, #1237, .T. ) ;
#386 = ORIENTED_EDGE ( 'NONE', *, *, #66, .F. ) ;
#387 = VECTOR ( 'NONE', #825, 1000.000000000000114 ) ;
#388 =( LENGTH_UNIT ( ) NAMED_UNIT ( * ) SI_UNIT ( .MILLI., .METRE. ) );
#389 = UNCERTAINTY_MEASURE_WITH_UNIT (LENGTH_MEASURE( 1.000000000000000082E-05 ), #301, 'distance_accuracy_value', 'NONE');
#390 = FILL_AREA_STYLE_COLOUR ( '', #853 ) ;
#391 =( NAMED_UNIT ( * ) PLANE_ANGLE_UNIT ( ) SI_UNIT ( $, .RADIAN. ) );
#392 = FILL_AREA_STYLE ('',( #415 ) ) ;
#393 = LINE ( 'NONE', #706, #1085 ) ;
#394 = APPLICATION_PROTOCOL_DEFINITION ( 'draft international standard', 'automotive_design', 1998, #635 ) ;
#395 = VERTEX_POINT ( 'NONE', #896 ) ;
#396 =( LENGTH_UNIT ( ) NAMED_UNIT ( * ) SI_UNIT ( .MILLI., .METRE. ) );
#397 = LINE ( 'NONE', #1327, #1105 ) ;
#398 = EDGE_CURVE ( 'NONE', #395, #1108, #1376, .T. ) ;
#399 = PRESENTATION_LAYER_ASSIGNMENT (  '', '', ( #1109 ) ) ;
#400 = CARTESIAN_POINT ( 'NONE',  ( 10.00000000000000000, 0.000000000000000000, -15.00000000000000000 ) ) ;
#401 = PRESENTATION_LAYER_ASSIGNMENT (  '', '', ( #1060 ) ) ;
#402 = SURFACE_SIDE_STYLE ('',( #883 ) ) ;
#403 = CARTESIAN_POINT ( 'NONE',  ( 0.000000000000000000, 0.000000000000000000, 0.000000000000000000 ) ) ;
#404 = ORIENTED_EDGE ( 'NONE', *, *, #940, .T. ) ;
#405 = SURFACE_SIDE_STYLE ('',( #851 ) ) ;
#406 = VECTOR ( 'NONE', #80, 1000.000000000000000 ) ;
#407 = DIRECTION ( 'NONE',  ( 0.000000000000000000, -0.000000000000000000, 1.000000000000000000 ) ) ;
#408 = PLANE ( 'NONE',  #1283 ) ;
#409 =( NAMED_UNIT ( * ) SI_UNIT ( $, .STERADIAN. ) SOLID_ANGLE_UNIT ( ) );
#410 = EDGE_LOOP ( 'NONE', ( #856, #1359, #927, #901 ) ) ;
#411 = VECTOR ( 'NONE', #719, 1000.000000000000000 ) ;
#412 = SURFACE_STYLE_FILL_AREA ( #755 ) ;
#413 = PRODUCT_DEFINITION_FORMATION_WITH_SPECIFIED_SOURCE ( 'ANY', '', #959, .NOT_KNOWN. ) ;
#414 = FILL_AREA_STYLE_COLOUR ( '', #532 ) ;
#415 = FILL_AREA_STYLE_COLOUR ( '', #770 ) ;
#416 =( LENGTH_UNIT ( ) NAMED_UNIT ( * ) SI_UNIT ( .MILLI., .METRE. ) );
#417 = EDGE_LOOP ( 'NONE', ( #1115, #202, #163 ) ) ;
#418 = FACE_OUTER_BOUND ( 'NONE', #568, .T. ) ;
#419 =( GEOMETRIC_REPRESENTATION_CONTEXT ( 3 ) GLOBAL_UNCERTAINTY_ASSIGNED_CONTEXT ( ( #839 ) ) GLOBAL_UNIT_ASSIGNED_CONTEXT ( ( #988, #1338, #1334 ) ) REPRESENTATION_CONTEXT ( 'NONE', 'WORKASPACE' ) );
#420 = CARTESIAN_POINT ( 'NONE',  ( 10.00000000000000000, 0.2000000000000000944, 0.000000000000000000 ) ) ;
#421 = FILL_AREA_STYLE_COLOUR ( '', #1421 ) ;
#422 = DIRECTION ( 'NONE',  ( -1.000000000000000000, 0.000000000000000000, 0.000000000000000000 ) ) ;
#423 = VECTOR ( 'NONE', #567, 1000.000000000000000 ) ;
#424 = DIRECTION ( 'NONE',  ( 1.000000000000000000, 0.000000000000000000, 0.000000000000000000 ) ) ;
#425 = ORIENTED_EDGE ( 'NONE', *, *, #348, .F. ) ;
#426 = EDGE_CURVE ( 'NONE', #128, #1315, #546, .T. ) ;
#427 =( NAMED_UNIT ( * ) SI_UNIT ( $, .STERADIAN. ) SOLID_ANGLE_UNIT ( ) );
#428 = CLOSED_SHELL ( 'NONE', ( #701, #458, #784, #1013, #189, #771, #226 ) ) ;
#429 =( NAMED_UNIT ( * ) PLANE_ANGLE_UNIT ( ) SI_UNIT ( $, .RADIAN. ) );
#430 = COLOUR_RGB ( '',1.000000000000000000, 0.000000000000000000, 0.000000000000000000 ) ;
#431 = PRESENTATION_STYLE_ASSIGNMENT (( #1279 ) ) ;
#432 =( NAMED_UNIT ( * ) PLANE_ANGLE_UNIT ( ) SI_UNIT ( $, .RADIAN. ) );
#433 = ORIENTED_EDGE ( 'NONE', *, *, #218, .T. ) ;
#434 = FILL_AREA_STYLE_COLOUR ( '', #721 ) ;
#435 = STYLED_ITEM ( 'NONE', ( #36 ), #1013 ) ;
#436 = SURFACE_SIDE_STYLE ('',( #107 ) ) ;
#437 = MECHANICAL_DESIGN_GEOMETRIC_PRESENTATION_REPRESENTATION (  '', ( #238 ), #308 ) ;
#438 = VECTOR ( 'NONE', #674, 1000.000000000000114 ) ;
#439 = SURFACE_SIDE_STYLE ('',( #215 ) ) ;
#440 = FILL_AREA_STYLE_COLOUR ( '', #1463 ) ;
#441 = ORIENTED_EDGE ( 'NONE', *, *, #81, .F. ) ;
#442 = FACE_OUTER_BOUND ( 'NONE', #363, .T. ) ;
#443 = CARTESIAN_POINT ( 'NONE',  ( -10.00000000000000000, 0.000000000000000000, 15.00000000000000000 ) ) ;
#444 = MANIFOLD_SOLID_BREP ( 'Lineares Muster1[3]', #796 ) ;
#445 = CARTESIAN_POINT ( 'NONE',  ( -10.00000000000000000, 0.2000000000000000111, 0.000000000000000000 ) ) ;
#446 = ADVANCED_FACE ( 'NONE', ( #1129 ), #195, .F. ) ;
#447 = VECTOR ( 'NONE', #1355, 1000.000000000000000 ) ;
#448 =( NAMED_UNIT ( * ) SI_UNIT ( $, .STERADIAN. ) SOLID_ANGLE_UNIT ( ) );
#449 =( GEOMETRIC_REPRESENTATION_CONTEXT ( 3 ) GLOBAL_UNCERTAINTY_ASSIGNED_CONTEXT ( ( #712 ) ) GLOBAL_UNIT_ASSIGNED_CONTEXT ( ( #416, #1448, #409 ) ) REPRESENTATION_CONTEXT ( 'NONE', 'WORKASPACE' ) );
#450 = ORIENTED_EDGE ( 'NONE', *, *, #765, .T. ) ;
#451 = UNCERTAINTY_MEASURE_WITH_UNIT (LENGTH_MEASURE( 1.000000000000000082E-05 ), #234, 'distance_accuracy_value', 'NONE');
#452 = CARTESIAN_POINT ( 'NONE',  ( 10.00000000000000000, 0.000000000000000000, 0.000000000000000000 ) ) ;
#453 = PRESENTATION_STYLE_ASSIGNMENT (( #1361 ) ) ;
#454 = DIRECTION ( 'NONE',  ( 0.000000000000000000, 0.09053574604251851676, 0.9958932064677038509 ) ) ;
#455 = COLOUR_RGB ( '',1.000000000000000000, 0.000000000000000000, 0.000000000000000000 ) ;
#456 = FILL_AREA_STYLE ('',( #1008 ) ) ;
#457 = MECHANICAL_DESIGN_GEOMETRIC_PRESENTATION_REPRESENTATION (  '', ( #529 ), #600 ) ;
#458 = ADVANCED_FACE ( 'NONE', ( #819 ), #725, .F. ) ;
#459 = MANIFOLD_SOLID_BREP ( 'Lineares Muster1[2]', #1444 ) ;
#460 = DIRECTION ( 'NONE',  ( 1.000000000000000000, 0.000000000000000000, -0.000000000000000000 ) ) ;
#461 = COLOUR_RGB ( '',1.000000000000000000, 1.000000000000000000, 1.000000000000000000 ) ;
#462 = ORIENTED_EDGE ( 'NONE', *, *, #741, .F. ) ;
#463 = ORIENTED_EDGE ( 'NONE', *, *, #1379, .F. ) ;
#464 =( NAMED_UNIT ( * ) PLANE_ANGLE_UNIT ( ) SI_UNIT ( $, .RADIAN. ) );
#465 = MECHANICAL_DESIGN_GEOMETRIC_PRESENTATION_REPRESENTATION (  '', ( #683 ), #1263 ) ;
#466 = DIRECTION ( 'NONE',  ( 1.000000000000000000, 0.000000000000000000, 0.000000000000000000 ) ) ;
#467 = CARTESIAN_POINT ( 'NONE',  ( -10.00000000000000000, 0.2000000000000000111, -15.00000000000000000 ) ) ;
#468 = MECHANICAL_DESIGN_GEOMETRIC_PRESENTATION_REPRESENTATION (  '', ( #1121 ), #659 ) ;
#469 = ORIENTED_EDGE ( 'NONE', *, *, #1061, .T. ) ;
#470 = UNCERTAINTY_MEASURE_WITH_UNIT (LENGTH_MEASURE( 1.000000000000000082E-05 ), #210, 'distance_accuracy_value', 'NONE');
#471 = VERTEX_POINT ( 'NONE', #1192 ) ;
#472 =( LENGTH_UNIT ( ) NAMED_UNIT ( * ) SI_UNIT ( .MILLI., .METRE. ) );
#473 = LINE ( 'NONE', #94, #845 ) ;
#474 = PRESENTATION_STYLE_ASSIGNMENT (( #1165 ) ) ;
#475 = CARTESIAN_POINT ( 'NONE',  ( -10.00000000000000000, 0.2000000000000000111, -30.00000000000000000 ) ) ;
#476 = STYLED_ITEM ( 'NONE', ( #453 ), #660 ) ;
#477 =( LENGTH_UNIT ( ) NAMED_UNIT ( * ) SI_UNIT ( .MILLI., .METRE. ) );
#478 = ADVANCED_FACE ( 'NONE', ( #149 ), #241, .F. ) ;
#479 = ORIENTED_EDGE ( 'NONE', *, *, #1254, .T. ) ;
#480 = PLANE ( 'NONE',  #1247 ) ;
#481 = SURFACE_SIDE_STYLE ('',( #1268 ) ) ;
#482 =( NAMED_UNIT ( * ) SI_UNIT ( $, .STERADIAN. ) SOLID_ANGLE_UNIT ( ) );
#483 = PLANE ( 'NONE',  #299 ) ;
#484 = DIRECTION ( 'NONE',  ( -0.000000000000000000, -0.000000000000000000, -1.000000000000000000 ) ) ;
#485 = LINE ( 'NONE', #55, #352 ) ;
#486 = UNCERTAINTY_MEASURE_WITH_UNIT (LENGTH_MEASURE( 1.000000000000000082E-05 ), #513, 'distance_accuracy_value', 'NONE');
#487 =( GEOMETRIC_REPRESENTATION_CONTEXT ( 3 ) GLOBAL_UNCERTAINTY_ASSIGNED_CONTEXT ( ( #1388 ) ) GLOBAL_UNIT_ASSIGNED_CONTEXT ( ( #20, #948, #350 ) ) REPRESENTATION_CONTEXT ( 'NONE', 'WORKASPACE' ) );
#488 = EDGE_LOOP ( 'NONE', ( #293, #469, #386, #841 ) ) ;
#489 = LINE ( 'NONE', #1384, #1228 ) ;
#490 = SURFACE_STYLE_USAGE ( .BOTH. , #19 ) ;
#491 = FILL_AREA_STYLE ('',( #236 ) ) ;
#492 = LINE ( 'NONE', #617, #64 ) ;
#493 = AXIS2_PLACEMENT_3D ( 'NONE', #1, #891, #1264 ) ;
#494 = EDGE_LOOP ( 'NONE', ( #884, #703, #1143, #739 ) ) ;
#495 = CARTESIAN_POINT ( 'NONE',  ( 10.00000000000000000, 1.199999999999999956, 0.000000000000000000 ) ) ;
#496 = EDGE_CURVE ( 'NONE', #753, #938, #865, .T. ) ;
#497 = PRESENTATION_STYLE_ASSIGNMENT (( #1317 ) ) ;
#498 = CARTESIAN_POINT ( 'NONE',  ( -10.00000000000000000, 0.000000000000000000, -30.00000000000000000 ) ) ;
#499 =( NAMED_UNIT ( * ) SI_UNIT ( $, .STERADIAN. ) SOLID_ANGLE_UNIT ( ) );
#500 =( NAMED_UNIT ( * ) PLANE_ANGLE_UNIT ( ) SI_UNIT ( $, .RADIAN. ) );
#501 = EDGE_LOOP ( 'NONE', ( #582, #1125, #555 ) ) ;
#502 = CARTESIAN_POINT ( 'NONE',  ( 0.000000000000000000, 0.2000000000000000111, -15.00000000000000000 ) ) ;
#503 = ADVANCED_FACE ( 'NONE', ( #156 ), #844, .F. ) ;
#504 = DIRECTION ( 'NONE',  ( -0.000000000000000000, -0.000000000000000000, -1.000000000000000000 ) ) ;
#505 = AXIS2_PLACEMENT_3D ( 'NONE', #951, #1082, #1409 ) ;
#506 = VERTEX_POINT ( 'NONE', #44 ) ;
#507 = AXIS2_PLACEMENT_3D ( 'NONE', #475, #727, #133 ) ;
#508 = PRESENTATION_STYLE_ASSIGNMENT (( #139 ) ) ;
#509 =( GEOMETRIC_REPRESENTATION_CONTEXT ( 3 ) GLOBAL_UNCERTAINTY_ASSIGNED_CONTEXT ( ( #451 ) ) GLOBAL_UNIT_ASSIGNED_CONTEXT ( ( #234, #594, #482 ) ) REPRESENTATION_CONTEXT ( 'NONE', 'WORKASPACE' ) );
#510 = SURFACE_STYLE_USAGE ( .BOTH. , #874 ) ;
#511 = FACE_OUTER_BOUND ( 'NONE', #637, .T. ) ;
#512 = CARTESIAN_POINT ( 'NONE',  ( 10.00000000000000000, 1.199999999999999956, 0.000000000000000000 ) ) ;
#513 =( LENGTH_UNIT ( ) NAMED_UNIT ( * ) SI_UNIT ( .MILLI., .METRE. ) );
#514 = ORIENTED_EDGE ( 'NONE', *, *, #1052, .T. ) ;
#515 = EDGE_CURVE ( 'NONE', #1108, #310, #1223, .T. ) ;
#516 =( GEOMETRIC_REPRESENTATION_CONTEXT ( 3 ) GLOBAL_UNCERTAINTY_ASSIGNED_CONTEXT ( ( #39 ) ) GLOBAL_UNIT_ASSIGNED_CONTEXT ( ( #256, #1184, #1063 ) ) REPRESENTATION_CONTEXT ( 'NONE', 'WORKASPACE' ) );
#517 = VECTOR ( 'NONE', #848, 1000.000000000000000 ) ;
#518 = DIRECTION ( 'NONE',  ( -0.000000000000000000, 0.000000000000000000, 1.000000000000000000 ) ) ;
#519 = CARTESIAN_POINT ( 'NONE',  ( -10.00000000000000000, 0.000000000000000000, -45.00000000000000000 ) ) ;
#520 = FACE_OUTER_BOUND ( 'NONE', #1450, .T. ) ;
#521 = ADVANCED_BREP_SHAPE_REPRESENTATION ( 'curb', ( #1391, #885, #459, #444, #904, #999 ), #783 ) ;
#522 = ORIENTED_EDGE ( 'NONE', *, *, #1262, .F. ) ;
#523 = MECHANICAL_DESIGN_GEOMETRIC_PRESENTATION_REPRESENTATION (  '', ( #667 ), #1365 ) ;
#524 = PRODUCT_DEFINITION ( 'UNKNOWN', '', #413, #919 ) ;
#525 = CARTESIAN_POINT ( 'NONE',  ( 0.000000000000000000, 0.000000000000000000, 0.000000000000000000 ) ) ;
#526 = DIRECTION ( 'NONE',  ( -0.9987523388778446476, -0.04993761694389221850, -0.000000000000000000 ) ) ;
#527 = DIRECTION ( 'NONE',  ( 1.000000000000000000, 0.000000000000000000, 0.000000000000000000 ) ) ;
#528 = ORIENTED_EDGE ( 'NONE', *, *, #678, .F. ) ;
#529 = STYLED_ITEM ( 'NONE', ( #325 ), #197 ) ;
#530 = FACE_OUTER_BOUND ( 'NONE', #657, .T. ) ;
#531 = LINE ( 'NONE', #653, #447 ) ;
#532 = COLOUR_RGB ( '',1.000000000000000000, 0.000000000000000000, 0.000000000000000000 ) ;
#533 = DIRECTION ( 'NONE',  ( 0.000000000000000000, 1.000000000000000000, 0.000000000000000000 ) ) ;
#534 = FILL_AREA_STYLE ('',( #1232 ) ) ;
#535 = ORIENTED_EDGE ( 'NONE', *, *, #1353, .T. ) ;
#536 = SURFACE_SIDE_STYLE ('',( #780 ) ) ;
#537 = CARTESIAN_POINT ( 'NONE',  ( 10.00000000000000000, 1.199999999999999956, -15.00000000000000000 ) ) ;
#538 = PRESENTATION_STYLE_ASSIGNMENT (( #166 ) ) ;
#539 = ADVANCED_FACE ( 'NONE', ( #176 ), #57, .F. ) ;
#540 = DIRECTION ( 'NONE',  ( -0.8753762190648171071, -0.04376881095324083870, -0.4814569204856494200 ) ) ;
#541 = FILL_AREA_STYLE_COLOUR ( '', #104 ) ;
#542 = CARTESIAN_POINT ( 'NONE',  ( 0.000000000000000000, 0.000000000000000000, -45.00000000000000000 ) ) ;
#543 = EDGE_LOOP ( 'NONE', ( #664, #1071, #62, #1378 ) ) ;
#544 = SURFACE_STYLE_USAGE ( .BOTH. , #273 ) ;
#545 =( NAMED_UNIT ( * ) PLANE_ANGLE_UNIT ( ) SI_UNIT ( $, .RADIAN. ) );
#546 = LINE ( 'NONE', #188, #579 ) ;
#547 = LINE ( 'NONE', #192, #290 ) ;
#548 = VECTOR ( 'NONE', #1032, 1000.000000000000000 ) ;
#549 = EDGE_LOOP ( 'NONE', ( #1352, #145, #909, #279 ) ) ;
#550 = VECTOR ( 'NONE', #756, 1000.000000000000000 ) ;
#551 =( LENGTH_UNIT ( ) NAMED_UNIT ( * ) SI_UNIT ( .MILLI., .METRE. ) );
#552 = MECHANICAL_DESIGN_GEOMETRIC_PRESENTATION_REPRESENTATION (  '', ( #297 ), #1446 ) ;
#553 =( LENGTH_UNIT ( ) NAMED_UNIT ( * ) SI_UNIT ( .MILLI., .METRE. ) );
#554 =( NAMED_UNIT ( * ) SI_UNIT ( $, .STERADIAN. ) SOLID_ANGLE_UNIT ( ) );
#555 = ORIENTED_EDGE ( 'NONE', *, *, #1052, .F. ) ;
#556 = SURFACE_STYLE_USAGE ( .BOTH. , #1159 ) ;
#557 = EDGE_CURVE ( 'NONE', #186, #753, #397, .T. ) ;
#558 = EDGE_LOOP ( 'NONE', ( #17, #1266, #441, #1488, #1462 ) ) ;
#559 = DIRECTION ( 'NONE',  ( 0.000000000000000000, -0.09053574604251851676, -0.9958932064677038509 ) ) ;
#560 = VECTOR ( 'NONE', #798, 1000.000000000000114 ) ;
#561 = SURFACE_STYLE_FILL_AREA ( #1269 ) ;
#562 = DIRECTION ( 'NONE',  ( 0.000000000000000000, -1.000000000000000000, 0.000000000000000000 ) ) ;
#563 = CARTESIAN_POINT ( 'NONE',  ( 10.00000000000000000, 0.000000000000000000, -45.00000000000000000 ) ) ;
#564 = DIRECTION ( 'NONE',  ( 1.000000000000000000, 0.000000000000000000, 0.000000000000000000 ) ) ;
#565 = DIRECTION ( 'NONE',  ( 0.000000000000000000, 0.09053574604251851676, 0.9958932064677038509 ) ) ;
#566 = VECTOR ( 'NONE', #123, 1000.000000000000000 ) ;
#567 = DIRECTION ( 'NONE',  ( -0.000000000000000000, -0.000000000000000000, -1.000000000000000000 ) ) ;
#568 = EDGE_LOOP ( 'NONE', ( #232, #833, #697 ) ) ;
#569 = VECTOR ( 'NONE', #1297, 1000.000000000000000 ) ;
#570 = ORIENTED_EDGE ( 'NONE', *, *, #398, .F. ) ;
#571 = SURFACE_STYLE_USAGE ( .BOTH. , #813 ) ;
#572 = CARTESIAN_POINT ( 'NONE',  ( 10.00000000000000000, 1.560655737704917723, 14.96721311475409877 ) ) ;
#573 = VECTOR ( 'NONE', #1261, 1000.000000000000000 ) ;
#574 = UNCERTAINTY_MEASURE_WITH_UNIT (LENGTH_MEASURE( 1.000000000000000082E-05 ), #1203, 'distance_accuracy_value', 'NONE');
#575 =( GEOMETRIC_REPRESENTATION_CONTEXT ( 3 ) GLOBAL_UNCERTAINTY_ASSIGNED_CONTEXT ( ( #1406 ) ) GLOBAL_UNIT_ASSIGNED_CONTEXT ( ( #1023, #916, #448 ) ) REPRESENTATION_CONTEXT ( 'NONE', 'WORKASPACE' ) );
#576 = EDGE_CURVE ( 'NONE', #1044, #174, #172, .T. ) ;
#577 = PRESENTATION_LAYER_ASSIGNMENT (  '', '', ( #379 ) ) ;
#578 = FILL_AREA_STYLE ('',( #440 ) ) ;
#579 = VECTOR ( 'NONE', #332, 1000.000000000000000 ) ;
#580 = VERTEX_POINT ( 'NONE', #1103 ) ;
#581 = PRESENTATION_STYLE_ASSIGNMENT (( #556 ) ) ;
#582 = ORIENTED_EDGE ( 'NONE', *, *, #1118, .F. ) ;
#583 = FACE_OUTER_BOUND ( 'NONE', #590, .T. ) ;
#584 = CARTESIAN_POINT ( 'NONE',  ( 10.00000000000000000, 1.199999999999999956, 15.00000000000000000 ) ) ;
#585 = DIRECTION ( 'NONE',  ( 0.000000000000000000, 1.000000000000000000, 0.000000000000000000 ) ) ;
#586 = APPLICATION_CONTEXT ( 'automotive_design' ) ;
#587 = VECTOR ( 'NONE', #100, 1000.000000000000000 ) ;
#588 = SURFACE_STYLE_USAGE ( .BOTH. , #934 ) ;
#589 = EDGE_CURVE ( 'NONE', #1190, #918, #531, .T. ) ;
#590 = EDGE_LOOP ( 'NONE', ( #644, #1383, #1240, #3 ) ) ;
#591 =( NAMED_UNIT ( * ) SI_UNIT ( $, .STERADIAN. ) SOLID_ANGLE_UNIT ( ) );
#592 = SURFACE_STYLE_USAGE ( .BOTH. , #598 ) ;
#593 = FILL_AREA_STYLE_COLOUR ( '', #1380 ) ;
#594 =( NAMED_UNIT ( * ) PLANE_ANGLE_UNIT ( ) SI_UNIT ( $, .RADIAN. ) );
#595 = FACE_OUTER_BOUND ( 'NONE', #211, .T. ) ;
#596 = CARTESIAN_POINT ( 'NONE',  ( 10.00000000000000000, 1.199999999999999956, -45.00000000000000000 ) ) ;
#597 = ORIENTED_EDGE ( 'NONE', *, *, #989, .F. ) ;
#598 = SURFACE_SIDE_STYLE ('',( #1152 ) ) ;
#599 = CARTESIAN_POINT ( 'NONE',  ( -10.00000000000000000, 0.000000000000000000, -15.00000000000000000 ) ) ;
#600 =( GEOMETRIC_REPRESENTATION_CONTEXT ( 3 ) GLOBAL_UNCERTAINTY_ASSIGNED_CONTEXT ( ( #1064 ) ) GLOBAL_UNIT_ASSIGNED_CONTEXT ( ( #1370, #670, #801 ) ) REPRESENTATION_CONTEXT ( 'NONE', 'WORKASPACE' ) );
#601 = STYLED_ITEM ( 'NONE', ( #1049 ), #277 ) ;
#602 = UNCERTAINTY_MEASURE_WITH_UNIT (LENGTH_MEASURE( 1.000000000000000082E-05 ), #872, 'distance_accuracy_value', 'NONE');
#603 =( LENGTH_UNIT ( ) NAMED_UNIT ( * ) SI_UNIT ( .MILLI., .METRE. ) );
#604 = EDGE_LOOP ( 'NONE', ( #1326, #785, #91, #1342 ) ) ;
#605 = EDGE_CURVE ( 'NONE', #810, #1051, #788, .T. ) ;
#606 = DIRECTION ( 'NONE',  ( 0.000000000000000000, -0.000000000000000000, 1.000000000000000000 ) ) ;
#607 =( NAMED_UNIT ( * ) SI_UNIT ( $, .STERADIAN. ) SOLID_ANGLE_UNIT ( ) );
#608 =( NAMED_UNIT ( * ) SI_UNIT ( $, .STERADIAN. ) SOLID_ANGLE_UNIT ( ) );
#609 = VECTOR ( 'NONE', #454, 1000.000000000000000 ) ;
#610 = LINE ( 'NONE', #375, #990 ) ;
#611 = PRESENTATION_LAYER_ASSIGNMENT (  '', '', ( #711 ) ) ;
#612 = SURFACE_SIDE_STYLE ('',( #723 ) ) ;
#613 = EDGE_LOOP ( 'NONE', ( #870, #1478, #463, #1213 ) ) ;
#614 = DIRECTION ( 'NONE',  ( -0.000000000000000000, -0.000000000000000000, -1.000000000000000000 ) ) ;
#615 = FILL_AREA_STYLE_COLOUR ( '', #71 ) ;
#616 = EDGE_CURVE ( 'NONE', #506, #180, #1267, .T. ) ;
#617 = CARTESIAN_POINT ( 'NONE',  ( -10.00000000000000000, 0.2000000000000000111, -15.00000000000000000 ) ) ;
#618 = VECTOR ( 'NONE', #976, 1000.000000000000000 ) ;
#619 = UNCERTAINTY_MEASURE_WITH_UNIT (LENGTH_MEASURE( 1.000000000000000082E-05 ), #388, 'distance_accuracy_value', 'NONE');
#620 = CARTESIAN_POINT ( 'NONE',  ( -10.00000000000000000, 0.2000000000000000111, 0.000000000000000000 ) ) ;
#621 = ORIENTED_EDGE ( 'NONE', *, *, #358, .T. ) ;
#622 = VECTOR ( 'NONE', #10, 1000.000000000000000 ) ;
#623 = CARTESIAN_POINT ( 'NONE',  ( 10.00000000000000000, 0.000000000000000000, -30.00000000000000000 ) ) ;
#624 = PRESENTATION_STYLE_ASSIGNMENT (( #1320 ) ) ;
#625 = MECHANICAL_DESIGN_GEOMETRIC_PRESENTATION_REPRESENTATION (  '', ( #748 ), #318 ) ;
#626 = EDGE_CURVE ( 'NONE', #471, #1280, #1007, .T. ) ;
#627 = AXIS2_PLACEMENT_3D ( 'NONE', #596, #737, #1196 ) ;
#628 = COLOUR_RGB ( '',1.000000000000000000, 1.000000000000000000, 1.000000000000000000 ) ;
#629 = ORIENTED_EDGE ( 'NONE', *, *, #749, .F. ) ;
#630 = MECHANICAL_DESIGN_GEOMETRIC_PRESENTATION_REPRESENTATION (  '', ( #601 ), #1311 ) ;
#631 = LINE ( 'NONE', #1413, #658 ) ;
#632 = PLANE ( 'NONE',  #1287 ) ;
#633 = FILL_AREA_STYLE ('',( #751 ) ) ;
#634 = EDGE_CURVE ( 'NONE', #310, #1190, #1015, .T. ) ;
#635 = APPLICATION_CONTEXT ( 'automotive_design' ) ;
#636 = PRESENTATION_LAYER_ASSIGNMENT (  '', '', ( #260 ) ) ;
#637 = EDGE_LOOP ( 'NONE', ( #317, #803, #1233, #1229 ) ) ;
#638 = STYLED_ITEM ( 'NONE', ( #581 ), #1391 ) ;
#639 = FILL_AREA_STYLE ('',( #1457 ) ) ;
#640 = DIRECTION ( 'NONE',  ( 1.000000000000000000, 0.000000000000000000, 0.000000000000000000 ) ) ;
#641 = CARTESIAN_POINT ( 'NONE',  ( -10.00000000000000000, 0.2000000000000000111, -15.00000000000000000 ) ) ;
#642 = DIRECTION ( 'NONE',  ( -0.000000000000000000, 0.000000000000000000, -1.000000000000000000 ) ) ;
#643 = CARTESIAN_POINT ( 'NONE',  ( -10.00000000000000000, 0.000000000000000000, -15.00000000000000000 ) ) ;
#644 = ORIENTED_EDGE ( 'NONE', *, *, #616, .F. ) ;
#645 = CARTESIAN_POINT ( 'NONE',  ( -10.00000000000000000, 0.2000000000000000111, -15.00000000000000000 ) ) ;
#646 = SURFACE_STYLE_USAGE ( .BOTH. , #405 ) ;
#647 = MECHANICAL_DESIGN_GEOMETRIC_PRESENTATION_REPRESENTATION (  '', ( #1060 ), #963 ) ;
#648 = FILL_AREA_STYLE ('',( #1445 ) ) ;
#649 = DIRECTION ( 'NONE',  ( -0.8753762190648171071, -0.04376881095324083870, -0.4814569204856494200 ) ) ;
#650 = DIRECTION ( 'NONE',  ( 1.000000000000000000, 0.000000000000000000, 0.000000000000000000 ) ) ;
#651 = VERTEX_POINT ( 'NONE', #537 ) ;
#652 = FILL_AREA_STYLE_COLOUR ( '', #1045 ) ;
#653 = CARTESIAN_POINT ( 'NONE',  ( 10.00000000000000000, 0.000000000000000000, -30.00000000000000000 ) ) ;
#654 = EDGE_CURVE ( 'NONE', #580, #40, #1469, .T. ) ;
#655 =( GEOMETRIC_REPRESENTATION_CONTEXT ( 3 ) GLOBAL_UNCERTAINTY_ASSIGNED_CONTEXT ( ( #574 ) ) GLOBAL_UNIT_ASSIGNED_CONTEXT ( ( #1203, #46, #1224 ) ) REPRESENTATION_CONTEXT ( 'NONE', 'WORKASPACE' ) );
#656 =( LENGTH_UNIT ( ) NAMED_UNIT ( * ) SI_UNIT ( .MILLI., .METRE. ) );
#657 = EDGE_LOOP ( 'NONE', ( #259, #759, #1442, #193 ) ) ;
#658 = VECTOR ( 'NONE', #1089, 1000.000000000000000 ) ;
#659 =( GEOMETRIC_REPRESENTATION_CONTEXT ( 3 ) GLOBAL_UNCERTAINTY_ASSIGNED_CONTEXT ( ( #126 ) ) GLOBAL_UNIT_ASSIGNED_CONTEXT ( ( #603, #1291, #24 ) ) REPRESENTATION_CONTEXT ( 'NONE', 'WORKASPACE' ) );
#660 = ADVANCED_FACE ( 'NONE', ( #418 ), #331, .F. ) ;
#661 = CARTESIAN_POINT ( 'NONE',  ( 10.00000000000000000, 1.199999999999999956, -45.00000000000000000 ) ) ;
#662 = CARTESIAN_POINT ( 'NONE',  ( 10.00000000000000000, 1.199999999999999956, -45.00000000000000000 ) ) ;
#663 = CARTESIAN_POINT ( 'NONE',  ( 10.00000000000000000, 1.199999999999999956, 15.00000000000000000 ) ) ;
#664 = ORIENTED_EDGE ( 'NONE', *, *, #1363, .T. ) ;
#665 = PLANE ( 'NONE',  #781 ) ;
#666 = DIRECTION ( 'NONE',  ( -0.000000000000000000, 1.000000000000000000, -0.000000000000000000 ) ) ;
#667 = STYLED_ITEM ( 'NONE', ( #994 ), #539 ) ;
#668 = FILL_AREA_STYLE_COLOUR ( '', #915 ) ;
#669 =( GEOMETRIC_REPRESENTATION_CONTEXT ( 3 ) GLOBAL_UNCERTAINTY_ASSIGNED_CONTEXT ( ( #695 ) ) GLOBAL_UNIT_ASSIGNED_CONTEXT ( ( #551, #545, #99 ) ) REPRESENTATION_CONTEXT ( 'NONE', 'WORKASPACE' ) );
#670 =( NAMED_UNIT ( * ) PLANE_ANGLE_UNIT ( ) SI_UNIT ( $, .RADIAN. ) );
#671 = SURFACE_STYLE_FILL_AREA ( #334 ) ;
#672 = ADVANCED_FACE ( 'NONE', ( #1026 ), #1144, .T. ) ;
#673 = ORIENTED_EDGE ( 'NONE', *, *, #1191, .T. ) ;
#674 = DIRECTION ( 'NONE',  ( -0.8753762190648171071, -0.04376881095324083870, -0.4814569204856494200 ) ) ;
#675 = COLOUR_RGB ( '',1.000000000000000000, 1.000000000000000000, 1.000000000000000000 ) ;
#676 = DIRECTION ( 'NONE',  ( 1.000000000000000000, 0.000000000000000000, 0.000000000000000000 ) ) ;
#677 = EDGE_LOOP ( 'NONE', ( #114, #31, #981, #689 ) ) ;
#678 = EDGE_CURVE ( 'NONE', #1051, #471, #782, .T. ) ;
#679 = UNCERTAINTY_MEASURE_WITH_UNIT (LENGTH_MEASURE( 1.000000000000000082E-05 ), #280, 'distance_accuracy_value', 'NONE');
#680 = LINE ( 'NONE', #98, #998 ) ;
#681 = ORIENTED_EDGE ( 'NONE', *, *, #108, .F. ) ;
#682 = FILL_AREA_STYLE ('',( #434 ) ) ;
#683 = STYLED_ITEM ( 'NONE', ( #1295 ), #1211 ) ;
#684 = DIRECTION ( 'NONE',  ( -0.000000000000000000, -0.000000000000000000, -1.000000000000000000 ) ) ;
#685 = CARTESIAN_POINT ( 'NONE',  ( 10.00000000000000000, 1.560655737704917723, -30.03278688524590123 ) ) ;
#686 = DIRECTION ( 'NONE',  ( -0.000000000000000000, 0.000000000000000000, -1.000000000000000000 ) ) ;
#687 = DIRECTION ( 'NONE',  ( 0.000000000000000000, 0.000000000000000000, 1.000000000000000000 ) ) ;
#688 = FACE_OUTER_BOUND ( 'NONE', #417, .T. ) ;
#689 = ORIENTED_EDGE ( 'NONE', *, *, #66, .T. ) ;
#690 = FILL_AREA_STYLE ('',( #593 ) ) ;
#691 =( LENGTH_UNIT ( ) NAMED_UNIT ( * ) SI_UNIT ( .MILLI., .METRE. ) );
#692 = AXIS2_PLACEMENT_3D ( 'NONE', #1390, #240, #715 ) ;
#693 =( NAMED_UNIT ( * ) SI_UNIT ( $, .STERADIAN. ) SOLID_ANGLE_UNIT ( ) );
#694 = SURFACE_STYLE_FILL_AREA ( #222 ) ;
#695 = UNCERTAINTY_MEASURE_WITH_UNIT (LENGTH_MEASURE( 1.000000000000000082E-05 ), #551, 'distance_accuracy_value', 'NONE');
#696 = FILL_AREA_STYLE ('',( #204 ) ) ;
#697 = ORIENTED_EDGE ( 'NONE', *, *, #337, .F. ) ;
#698 = CARTESIAN_POINT ( 'NONE',  ( -0.000000000000000000, 0.2000000000000000111, 0.000000000000000000 ) ) ;
#699 = VECTOR ( 'NONE', #504, 1000.000000000000000 ) ;
#700 = SURFACE_SIDE_STYLE ('',( #1278 ) ) ;
#701 = ADVANCED_FACE ( 'NONE', ( #1396 ), #1293, .F. ) ;
#702 = AXIS2_PLACEMENT_3D ( 'NONE', #1385, #89, #466 ) ;
#703 = ORIENTED_EDGE ( 'NONE', *, *, #1236, .F. ) ;
#704 = SURFACE_STYLE_FILL_AREA ( #1281 ) ;
#705 = ORIENTED_EDGE ( 'NONE', *, *, #158, .T. ) ;
#706 = CARTESIAN_POINT ( 'NONE',  ( 10.00000000000000000, 1.199999999999999956, 0.000000000000000000 ) ) ;
#707 = CARTESIAN_POINT ( 'NONE',  ( 0.000000000000000000, 0.2000000000000000111, -30.00000000000000000 ) ) ;
#708 = COLOUR_RGB ( '',1.000000000000000000, 1.000000000000000000, 1.000000000000000000 ) ;
#709 = FILL_AREA_STYLE_COLOUR ( '', #628 ) ;
#710 = LINE ( 'NONE', #243, #1132 ) ;
#711 = STYLED_ITEM ( 'NONE', ( #1025 ), #1343 ) ;
#712 = UNCERTAINTY_MEASURE_WITH_UNIT (LENGTH_MEASURE( 1.000000000000000082E-05 ), #416, 'distance_accuracy_value', 'NONE');
#713 =( LENGTH_UNIT ( ) NAMED_UNIT ( * ) SI_UNIT ( .MILLI., .METRE. ) );
#714 = ORIENTED_EDGE ( 'NONE', *, *, #940, .F. ) ;
#715 = DIRECTION ( 'NONE',  ( -0.000000000000000000, 0.000000000000000000, -1.000000000000000000 ) ) ;
#716 = SURFACE_STYLE_FILL_AREA ( #249 ) ;
#717 = SURFACE_SIDE_STYLE ('',( #1047 ) ) ;
#718 = PLANE ( 'NONE',  #1447 ) ;
#719 = DIRECTION ( 'NONE',  ( -0.000000000000000000, -0.000000000000000000, -1.000000000000000000 ) ) ;
#720 = AXIS2_PLACEMENT_3D ( 'NONE', #1435, #51, #859 ) ;
#721 = COLOUR_RGB ( '',1.000000000000000000, 0.000000000000000000, 0.000000000000000000 ) ;
#722 = EDGE_CURVE ( 'NONE', #1472, #303, #47, .T. ) ;
#723 = SURFACE_STYLE_FILL_AREA ( #144 ) ;
#724 = ORIENTED_EDGE ( 'NONE', *, *, #1141, .T. ) ;
#725 = PLANE ( 'NONE',  #1332 ) ;
#726 =( GEOMETRIC_REPRESENTATION_CONTEXT ( 3 ) GLOBAL_UNCERTAINTY_ASSIGNED_CONTEXT ( ( #263 ) ) GLOBAL_UNIT_ASSIGNED_CONTEXT ( ( #160, #1092, #1077 ) ) REPRESENTATION_CONTEXT ( 'NONE', 'WORKASPACE' ) );
#727 = DIRECTION ( 'NONE',  ( 0.04993761694389222544, -0.9987523388778447586, 0.000000000000000000 ) ) ;
#728 = CARTESIAN_POINT ( 'NONE',  ( -10.00000000000000000, 0.2000000000000000111, -60.00000000000000000 ) ) ;
#729 = PRESENTATION_STYLE_ASSIGNMENT (( #1427 ) ) ;
#730 =( NAMED_UNIT ( * ) PLANE_ANGLE_UNIT ( ) SI_UNIT ( $, .RADIAN. ) );
#731 = MECHANICAL_DESIGN_GEOMETRIC_PRESENTATION_REPRESENTATION (  '', ( #754 ), #487 ) ;
#732 = ORIENTED_EDGE ( 'NONE', *, *, #327, .T. ) ;
#733 =( NAMED_UNIT ( * ) SI_UNIT ( $, .STERADIAN. ) SOLID_ANGLE_UNIT ( ) );
#734 = SURFACE_STYLE_USAGE ( .BOTH. , #1312 ) ;
#735 = DIRECTION ( 'NONE',  ( -0.000000000000000000, -0.000000000000000000, -1.000000000000000000 ) ) ;
#736 = STYLED_ITEM ( 'NONE', ( #349 ), #1029 ) ;
#737 = DIRECTION ( 'NONE',  ( -1.000000000000000000, 0.000000000000000000, 0.000000000000000000 ) ) ;
#738 = STYLED_ITEM ( 'NONE', ( #766 ), #1306 ) ;
#739 = ORIENTED_EDGE ( 'NONE', *, *, #496, .T. ) ;
#740 = DIRECTION ( 'NONE',  ( -1.000000000000000000, 0.000000000000000000, 0.000000000000000000 ) ) ;
#741 = EDGE_CURVE ( 'NONE', #1190, #395, #489, .T. ) ;
#742 =( NAMED_UNIT ( * ) PLANE_ANGLE_UNIT ( ) SI_UNIT ( $, .RADIAN. ) );
#743 = UNCERTAINTY_MEASURE_WITH_UNIT (LENGTH_MEASURE( 1.000000000000000082E-05 ), #477, 'distance_accuracy_value', 'NONE');
#744 = LINE ( 'NONE', #1298, #517 ) ;
#745 = VERTEX_POINT ( 'NONE', #946 ) ;
#746 = CARTESIAN_POINT ( 'NONE',  ( 10.00000000000000000, 1.199999999999999956, -60.00000000000000000 ) ) ;
#747 =( LENGTH_UNIT ( ) NAMED_UNIT ( * ) SI_UNIT ( .MILLI., .METRE. ) );
#748 = STYLED_ITEM ( 'NONE', ( #326 ), #904 ) ;
#749 = EDGE_CURVE ( 'NONE', #745, #56, #393, .T. ) ;
#750 =( NAMED_UNIT ( * ) PLANE_ANGLE_UNIT ( ) SI_UNIT ( $, .RADIAN. ) );
#751 = FILL_AREA_STYLE_COLOUR ( '', #675 ) ;
#752 = LINE ( 'NONE', #1099, #880 ) ;
#753 = VERTEX_POINT ( 'NONE', #854 ) ;
#754 = STYLED_ITEM ( 'NONE', ( #1407 ), #458 ) ;
#755 = FILL_AREA_STYLE ('',( #274 ) ) ;
#756 = DIRECTION ( 'NONE',  ( 1.000000000000000000, 0.000000000000000000, 0.000000000000000000 ) ) ;
#757 = SURFACE_STYLE_USAGE ( .BOTH. , #402 ) ;
#758 = PRESENTATION_LAYER_ASSIGNMENT (  '', '', ( #683 ) ) ;
#759 = ORIENTED_EDGE ( 'NONE', *, *, #28, .F. ) ;
#760 = COLOUR_RGB ( '',1.000000000000000000, 1.000000000000000000, 1.000000000000000000 ) ;
#761 = DIRECTION ( 'NONE',  ( 0.000000000000000000, -0.000000000000000000, 1.000000000000000000 ) ) ;
#762 = SURFACE_STYLE_FILL_AREA ( #178 ) ;
#763 = DIRECTION ( 'NONE',  ( 0.000000000000000000, -1.000000000000000000, 0.000000000000000000 ) ) ;
#764 = ORIENTED_EDGE ( 'NONE', *, *, #616, .T. ) ;
#765 = EDGE_CURVE ( 'NONE', #321, #174, #1324, .T. ) ;
#766 = PRESENTATION_STYLE_ASSIGNMENT (( #858 ) ) ;
#767 =( NAMED_UNIT ( * ) PLANE_ANGLE_UNIT ( ) SI_UNIT ( $, .RADIAN. ) );
#768 = AXIS2_PLACEMENT_3D ( 'NONE', #1219, #1227, #650 ) ;
#769 = ORIENTED_EDGE ( 'NONE', *, *, #1452, .F. ) ;
#770 = COLOUR_RGB ( '',1.000000000000000000, 0.000000000000000000, 0.000000000000000000 ) ;
#771 = ADVANCED_FACE ( 'NONE', ( #583 ), #4, .F. ) ;
#772 = FILL_AREA_STYLE_COLOUR ( '', #53 ) ;
#773 = COLOUR_RGB ( '',1.000000000000000000, 0.000000000000000000, 0.000000000000000000 ) ;
#774 = DIRECTION ( 'NONE',  ( 1.000000000000000000, 0.000000000000000000, 0.000000000000000000 ) ) ;
#775 = MECHANICAL_DESIGN_GEOMETRIC_PRESENTATION_REPRESENTATION (  '', ( #21 ), #45 ) ;
#776 =( NAMED_UNIT ( * ) PLANE_ANGLE_UNIT ( ) SI_UNIT ( $, .RADIAN. ) );
#777 = PRESENTATION_STYLE_ASSIGNMENT (( #757 ) ) ;
#778 = APPLICATION_PROTOCOL_DEFINITION ( 'draft international standard', 'automotive_design', 1998, #586 ) ;
#779 = ORIENTED_EDGE ( 'NONE', *, *, #496, .F. ) ;
#780 = SURFACE_STYLE_FILL_AREA ( #304 ) ;
#781 = AXIS2_PLACEMENT_3D ( 'NONE', #525, #1126, #170 ) ;
#782 = LINE ( 'NONE', #1093, #622 ) ;
#783 =( GEOMETRIC_REPRESENTATION_CONTEXT ( 3 ) GLOBAL_UNCERTAINTY_ASSIGNED_CONTEXT ( ( #486 ) ) GLOBAL_UNIT_ASSIGNED_CONTEXT ( ( #513, #185, #1004 ) ) REPRESENTATION_CONTEXT ( 'NONE', 'WORKASPACE' ) );
#784 = ADVANCED_FACE ( 'NONE', ( #1054 ), #480, .F. ) ;
#785 = ORIENTED_EDGE ( 'NONE', *, *, #971, .T. ) ;
#786 = CARTESIAN_POINT ( 'NONE',  ( -10.00000000000000000, 0.000000000000000000, 0.000000000000000000 ) ) ;
#787 = AXIS2_PLACEMENT_3D ( 'NONE', #1072, #1117, #1431 ) ;
#788 = LINE ( 'NONE', #893, #268 ) ;
#789 = PRESENTATION_LAYER_ASSIGNMENT (  '', '', ( #476 ) ) ;
#790 = CARTESIAN_POINT ( 'NONE',  ( 10.00000000000000000, 1.560655737704917723, -0.03278688524590081532 ) ) ;
#791 = EDGE_CURVE ( 'NONE', #97, #580, #547, .T. ) ;
#792 = SURFACE_STYLE_USAGE ( .BOTH. , #1489 ) ;
#793 = LINE ( 'NONE', #1255, #1111 ) ;
#794 = FILL_AREA_STYLE_COLOUR ( '', #282 ) ;
#795 = ORIENTED_EDGE ( 'NONE', *, *, #605, .F. ) ;
#796 = CLOSED_SHELL ( 'NONE', ( #197, #1211, #175, #261, #672, #306, #38 ) ) ;
#797 = PRESENTATION_LAYER_ASSIGNMENT (  '', '', ( #529 ) ) ;
#798 = DIRECTION ( 'NONE',  ( -0.9987523388778446476, -0.04993761694389221850, -0.000000000000000000 ) ) ;
#799 = PRESENTATION_STYLE_ASSIGNMENT (( #806 ) ) ;
#800 = PRESENTATION_LAYER_ASSIGNMENT (  '', '', ( #1166 ) ) ;
#801 =( NAMED_UNIT ( * ) SI_UNIT ( $, .STERADIAN. ) SOLID_ANGLE_UNIT ( ) );
#802 =( NAMED_UNIT ( * ) SI_UNIT ( $, .STERADIAN. ) SOLID_ANGLE_UNIT ( ) );
#803 = ORIENTED_EDGE ( 'NONE', *, *, #654, .T. ) ;
#804 = CARTESIAN_POINT ( 'NONE',  ( -3.678160919540230278, 0.5160919540229884639, -26.52298850574712574 ) ) ;
#805 = SURFACE_STYLE_USAGE ( .BOTH. , #1021 ) ;
#806 = SURFACE_STYLE_USAGE ( .BOTH. , #436 ) ;
#807 = COLOUR_RGB ( '',1.000000000000000000, 1.000000000000000000, 1.000000000000000000 ) ;
#808 = SURFACE_STYLE_USAGE ( .BOTH. , #439 ) ;
#809 =( LENGTH_UNIT ( ) NAMED_UNIT ( * ) SI_UNIT ( .MILLI., .METRE. ) );
#810 = VERTEX_POINT ( 'NONE', #643 ) ;
#811 = DIRECTION ( 'NONE',  ( 0.000000000000000000, -1.000000000000000000, 0.000000000000000000 ) ) ;
#812 = EDGE_CURVE ( 'NONE', #169, #506, #1340, .T. ) ;
#813 = SURFACE_SIDE_STYLE ('',( #922 ) ) ;
#814 =( GEOMETRIC_REPRESENTATION_CONTEXT ( 3 ) GLOBAL_UNCERTAINTY_ASSIGNED_CONTEXT ( ( #1419 ) ) GLOBAL_UNIT_ASSIGNED_CONTEXT ( ( #1212, #432, #302 ) ) REPRESENTATION_CONTEXT ( 'NONE', 'WORKASPACE' ) );
#815 = ORIENTED_EDGE ( 'NONE', *, *, #576, .T. ) ;
#816 = DIRECTION ( 'NONE',  ( 0.000000000000000000, 0.09053574604251851676, 0.9958932064677038509 ) ) ;
#817 = EDGE_CURVE ( 'NONE', #40, #1035, #1466, .T. ) ;
#818 = DIRECTION ( 'NONE',  ( -0.9987523388778446476, -0.04993761694389221850, -0.000000000000000000 ) ) ;
#819 = FACE_OUTER_BOUND ( 'NONE', #1246, .T. ) ;
#820 = DIRECTION ( 'NONE',  ( 1.000000000000000000, 0.000000000000000000, 0.000000000000000000 ) ) ;
#821 = STYLED_ITEM ( 'NONE', ( #866 ), #306 ) ;
#822 = LINE ( 'NONE', #1086, #699 ) ;
#823 = MECHANICAL_DESIGN_GEOMETRIC_PRESENTATION_REPRESENTATION (  '', ( #183 ), #509 ) ;
#824 = ORIENTED_EDGE ( 'NONE', *, *, #1379, .T. ) ;
#825 = DIRECTION ( 'NONE',  ( -0.9987523388778446476, -0.04993761694389221850, -0.000000000000000000 ) ) ;
#826 = EDGE_CURVE ( 'NONE', #877, #1456, #1239, .T. ) ;
#827 = DIRECTION ( 'NONE',  ( -0.000000000000000000, 0.000000000000000000, -1.000000000000000000 ) ) ;
#828 = ORIENTED_EDGE ( 'NONE', *, *, #1003, .T. ) ;
#829 = CARTESIAN_POINT ( 'NONE',  ( -10.00000000000000000, 0.000000000000000000, 15.00000000000000000 ) ) ;
#830 = DIRECTION ( 'NONE',  ( 1.000000000000000000, 0.000000000000000000, 0.000000000000000000 ) ) ;
#831 = SURFACE_STYLE_USAGE ( .BOTH. , #1172 ) ;
#832 = FILL_AREA_STYLE_COLOUR ( '', #807 ) ;
#833 = ORIENTED_EDGE ( 'NONE', *, *, #1061, .F. ) ;
#834 = PLANE ( 'NONE',  #507 ) ;
#835 = DIRECTION ( 'NONE',  ( 0.000000000000000000, -0.09053574604251851676, -0.9958932064677038509 ) ) ;
#836 =( GEOMETRIC_REPRESENTATION_CONTEXT ( 3 ) GLOBAL_UNCERTAINTY_ASSIGNED_CONTEXT ( ( #389 ) ) GLOBAL_UNIT_ASSIGNED_CONTEXT ( ( #301, #69, #292 ) ) REPRESENTATION_CONTEXT ( 'NONE', 'WORKASPACE' ) );
#837 = FILL_AREA_STYLE_COLOUR ( '', #1348 ) ;
#838 = MECHANICAL_DESIGN_GEOMETRIC_PRESENTATION_REPRESENTATION (  '', ( #1166 ), #141 ) ;
#839 = UNCERTAINTY_MEASURE_WITH_UNIT (LENGTH_MEASURE( 1.000000000000000082E-05 ), #988, 'distance_accuracy_value', 'NONE');
#840 = CARTESIAN_POINT ( 'NONE',  ( 10.00000000000000000, 0.2000000000000000944, -45.00000000000000000 ) ) ;
#841 = ORIENTED_EDGE ( 'NONE', *, *, #1141, .F. ) ;
#842 = EDGE_CURVE ( 'NONE', #1433, #929, #752, .T. ) ;
#843 = SURFACE_SIDE_STYLE ('',( #716 ) ) ;
#844 = PLANE ( 'NONE',  #155 ) ;
#845 = VECTOR ( 'NONE', #684, 1000.000000000000000 ) ;
#846 = PRESENTATION_STYLE_ASSIGNMENT (( #571 ) ) ;
#847 = MECHANICAL_DESIGN_GEOMETRIC_PRESENTATION_REPRESENTATION (  '', ( #638 ), #1471 ) ;
#848 = DIRECTION ( 'NONE',  ( -0.000000000000000000, 1.000000000000000000, -0.000000000000000000 ) ) ;
#849 = ORIENTED_EDGE ( 'NONE', *, *, #589, .T. ) ;
#850 = LINE ( 'NONE', #267, #387 ) ;
#851 = SURFACE_STYLE_FILL_AREA ( #967 ) ;
#852 = CARTESIAN_POINT ( 'NONE',  ( -10.00000000000000000, 0.2000000000000000111, 0.000000000000000000 ) ) ;
#853 = COLOUR_RGB ( '',1.000000000000000000, 1.000000000000000000, 1.000000000000000000 ) ;
#854 = CARTESIAN_POINT ( 'NONE',  ( -10.00000000000000000, 0.2000000000000000111, -45.00000000000000000 ) ) ;
#855 = COLOUR_RGB ( '',1.000000000000000000, 1.000000000000000000, 1.000000000000000000 ) ;
#856 = ORIENTED_EDGE ( 'NONE', *, *, #348, .T. ) ;
#857 =( GEOMETRIC_REPRESENTATION_CONTEXT ( 3 ) GLOBAL_UNCERTAINTY_ASSIGNED_CONTEXT ( ( #1042 ) ) GLOBAL_UNIT_ASSIGNED_CONTEXT ( ( #979, #742, #1162 ) ) REPRESENTATION_CONTEXT ( 'NONE', 'WORKASPACE' ) );
#858 = SURFACE_STYLE_USAGE ( .BOTH. , #1006 ) ;
#859 = DIRECTION ( 'NONE',  ( 0.9987523388778446476, 0.04993761694389221850, 0.000000000000000000 ) ) ;
#860 = DIRECTION ( 'NONE',  ( 0.000000000000000000, -1.000000000000000000, 0.000000000000000000 ) ) ;
#861 =( GEOMETRIC_REPRESENTATION_CONTEXT ( 3 ) GLOBAL_UNCERTAINTY_ASSIGNED_CONTEXT ( ( #131 ) ) GLOBAL_UNIT_ASSIGNED_CONTEXT ( ( #1138, #109, #1009 ) ) REPRESENTATION_CONTEXT ( 'NONE', 'WORKASPACE' ) );
#862 = VERTEX_POINT ( 'NONE', #1331 ) ;
#863 = MECHANICAL_DESIGN_GEOMETRIC_PRESENTATION_REPRESENTATION (  '', ( #354 ), #182 ) ;
#864 = CARTESIAN_POINT ( 'NONE',  ( 10.00000000000000000, 0.000000000000000000, -60.00000000000000000 ) ) ;
#865 = LINE ( 'NONE', #873, #196 ) ;
#866 = PRESENTATION_STYLE_ASSIGNMENT (( #510 ) ) ;
#867 = ADVANCED_FACE ( 'NONE', ( #520 ), #77, .F. ) ;
#868 = SURFACE_SIDE_STYLE ('',( #762 ) ) ;
#869 = COLOUR_RGB ( '',1.000000000000000000, 0.000000000000000000, 0.000000000000000000 ) ;
#870 = ORIENTED_EDGE ( 'NONE', *, *, #1321, .T. ) ;
#871 =( GEOMETRIC_REPRESENTATION_CONTEXT ( 3 ) GLOBAL_UNCERTAINTY_ASSIGNED_CONTEXT ( ( #23 ) ) GLOBAL_UNIT_ASSIGNED_CONTEXT ( ( #713, #500, #1207 ) ) REPRESENTATION_CONTEXT ( 'NONE', 'WORKASPACE' ) );
#872 =( LENGTH_UNIT ( ) NAMED_UNIT ( * ) SI_UNIT ( .MILLI., .METRE. ) );
#873 = CARTESIAN_POINT ( 'NONE',  ( -10.00000000000000000, 0.2000000000000000111, -45.00000000000000000 ) ) ;
#874 = SURFACE_SIDE_STYLE ('',( #1215 ) ) ;
#875 = CARTESIAN_POINT ( 'NONE',  ( 10.00000000000000000, 1.199999999999999956, 15.00000000000000000 ) ) ;
#876 = PRODUCT_CONTEXT ( 'NONE', #635, 'mechanical' ) ;
#877 = VERTEX_POINT ( 'NONE', #1114 ) ;
#878 = PLANE ( 'NONE',  #1074 ) ;
#879 =( GEOMETRIC_REPRESENTATION_CONTEXT ( 3 ) GLOBAL_UNCERTAINTY_ASSIGNED_CONTEXT ( ( #1290 ) ) GLOBAL_UNIT_ASSIGNED_CONTEXT ( ( #312, #910, #1243 ) ) REPRESENTATION_CONTEXT ( 'NONE', 'WORKASPACE' ) );
#880 = VECTOR ( 'NONE', #763, 1000.000000000000000 ) ;
#881 =( NAMED_UNIT ( * ) SI_UNIT ( $, .STERADIAN. ) SOLID_ANGLE_UNIT ( ) );
#882 = CARTESIAN_POINT ( 'NONE',  ( 10.00000000000000000, 0.2000000000000000944, -15.00000000000000000 ) ) ;
#883 = SURFACE_STYLE_FILL_AREA ( #534 ) ;
#884 = ORIENTED_EDGE ( 'NONE', *, *, #18, .T. ) ;
#885 = MANIFOLD_SOLID_BREP ( 'Lineares Muster1[1]', #1090 ) ;
#886 =( NAMED_UNIT ( * ) SI_UNIT ( $, .STERADIAN. ) SOLID_ANGLE_UNIT ( ) );
#887 = EDGE_CURVE ( 'NONE', #310, #137, #200, .T. ) ;
#888 = AXIS2_PLACEMENT_3D ( 'NONE', #289, #533, #407 ) ;
#889 = DIRECTION ( 'NONE',  ( -0.000000000000000000, 1.000000000000000000, -0.000000000000000000 ) ) ;
#890 = ORIENTED_EDGE ( 'NONE', *, *, #426, .T. ) ;
#891 = DIRECTION ( 'NONE',  ( 0.000000000000000000, -0.9958932064677038509, 0.09053574604251851676 ) ) ;
#892 =( GEOMETRIC_REPRESENTATION_CONTEXT ( 3 ) GLOBAL_UNCERTAINTY_ASSIGNED_CONTEXT ( ( #1180 ) ) GLOBAL_UNIT_ASSIGNED_CONTEXT ( ( #396, #1222, #886 ) ) REPRESENTATION_CONTEXT ( 'NONE', 'WORKASPACE' ) );
#893 = CARTESIAN_POINT ( 'NONE',  ( -10.00000000000000000, 0.000000000000000000, -15.00000000000000000 ) ) ;
#894 = EDGE_CURVE ( 'NONE', #1337, #339, #1002, .T. ) ;
#895 = VECTOR ( 'NONE', #816, 1000.000000000000000 ) ;
#896 = CARTESIAN_POINT ( 'NONE',  ( 10.00000000000000000, 1.199999999999999956, -30.00000000000000000 ) ) ;
#897 = PLANE ( 'NONE',  #935 ) ;
#898 = ORIENTED_EDGE ( 'NONE', *, *, #634, .T. ) ;
#899 = UNCERTAINTY_MEASURE_WITH_UNIT (LENGTH_MEASURE( 1.000000000000000082E-05 ), #472, 'distance_accuracy_value', 'NONE');
#900 = DIRECTION ( 'NONE',  ( 0.000000000000000000, 1.000000000000000000, 0.000000000000000000 ) ) ;
#901 = ORIENTED_EDGE ( 'NONE', *, *, #887, .T. ) ;
#902 = STYLED_ITEM ( 'NONE', ( #1474 ), #672 ) ;
#903 = SURFACE_STYLE_USAGE ( .BOTH. , #481 ) ;
#904 = MANIFOLD_SOLID_BREP ( 'Lineares Muster1[4]', #110 ) ;
#905 = COLOUR_RGB ( '',1.000000000000000000, 0.000000000000000000, 0.000000000000000000 ) ;
#906 = DIRECTION ( 'NONE',  ( -1.000000000000000000, 0.000000000000000000, 0.000000000000000000 ) ) ;
#907 = ORIENTED_EDGE ( 'NONE', *, *, #1173, .T. ) ;
#908 = STYLED_ITEM ( 'NONE', ( #1349 ), #175 ) ;
#909 = ORIENTED_EDGE ( 'NONE', *, *, #626, .F. ) ;
#910 =( NAMED_UNIT ( * ) PLANE_ANGLE_UNIT ( ) SI_UNIT ( $, .RADIAN. ) );
#911 = COLOUR_RGB ( '',1.000000000000000000, 0.000000000000000000, 0.000000000000000000 ) ;
#912 = CARTESIAN_POINT ( 'NONE',  ( -10.00000000000000000, 0.2000000000000000111, -15.00000000000000000 ) ) ;
#913 = DIRECTION ( 'NONE',  ( -0.000000000000000000, -0.000000000000000000, -1.000000000000000000 ) ) ;
#914 = MECHANICAL_DESIGN_GEOMETRIC_PRESENTATION_REPRESENTATION (  '', ( #821 ), #655 ) ;
#915 = COLOUR_RGB ( '',1.000000000000000000, 1.000000000000000000, 1.000000000000000000 ) ;
#916 =( NAMED_UNIT ( * ) PLANE_ANGLE_UNIT ( ) SI_UNIT ( $, .RADIAN. ) );
#917 = ADVANCED_FACE ( 'NONE', ( #118 ), #897, .F. ) ;
#918 = VERTEX_POINT ( 'NONE', #1148 ) ;
#919 = PRODUCT_DEFINITION_CONTEXT ( 'detailed design', #586, 'design' ) ;
#920 =( NAMED_UNIT ( * ) PLANE_ANGLE_UNIT ( ) SI_UNIT ( $, .RADIAN. ) );
#921 = ORIENTED_EDGE ( 'NONE', *, *, #327, .F. ) ;
#922 = SURFACE_STYLE_FILL_AREA ( #356 ) ;
#923 = VECTOR ( 'NONE', #818, 1000.000000000000114 ) ;
#924 = DIRECTION ( 'NONE',  ( 0.9987523388778446476, 0.04993761694389221850, 0.000000000000000000 ) ) ;
#925 = STYLED_ITEM ( 'NONE', ( #1411 ), #1418 ) ;
#926 =( NAMED_UNIT ( * ) PLANE_ANGLE_UNIT ( ) SI_UNIT ( $, .RADIAN. ) );
#927 = ORIENTED_EDGE ( 'NONE', *, *, #634, .F. ) ;
#928 = EDGE_CURVE ( 'NONE', #997, #471, #1304, .T. ) ;
#929 = VERTEX_POINT ( 'NONE', #1417 ) ;
#930 = CARTESIAN_POINT ( 'NONE',  ( 0.000000000000000000, 0.000000000000000000, 0.000000000000000000 ) ) ;
#931 =( LENGTH_UNIT ( ) NAMED_UNIT ( * ) SI_UNIT ( .MILLI., .METRE. ) );
#932 = COLOUR_RGB ( '',1.000000000000000000, 0.000000000000000000, 0.000000000000000000 ) ;
#933 =( LENGTH_UNIT ( ) NAMED_UNIT ( * ) SI_UNIT ( .MILLI., .METRE. ) );
#934 = SURFACE_SIDE_STYLE ('',( #1260 ) ) ;
#935 = AXIS2_PLACEMENT_3D ( 'NONE', #1157, #906, #687 ) ;
#936 = UNCERTAINTY_MEASURE_WITH_UNIT (LENGTH_MEASURE( 1.000000000000000082E-05 ), #1058, 'distance_accuracy_value', 'NONE');
#937 = CARTESIAN_POINT ( 'NONE',  ( -10.00000000000000000, 0.000000000000000000, 0.000000000000000000 ) ) ;
#938 = VERTEX_POINT ( 'NONE', #728 ) ;
#939 = FILL_AREA_STYLE_COLOUR ( '', #223 ) ;
#940 = EDGE_CURVE ( 'NONE', #1035, #169, #30, .T. ) ;
#941 = CARTESIAN_POINT ( 'NONE',  ( -10.00000000000000000, 0.2000000000000000111, 15.00000000000000000 ) ) ;
#942 = CARTESIAN_POINT ( 'NONE',  ( 10.00000000000000000, 1.199999999999999956, 15.00000000000000000 ) ) ;
#943 = PRESENTATION_LAYER_ASSIGNMENT (  '', '', ( #21 ) ) ;
#944 = LINE ( 'NONE', #937, #216 ) ;
#945 = ORIENTED_EDGE ( 'NONE', *, *, #741, .T. ) ;
#946 = CARTESIAN_POINT ( 'NONE',  ( 10.00000000000000000, 0.000000000000000000, 0.000000000000000000 ) ) ;
#947 =( NAMED_UNIT ( * ) SI_UNIT ( $, .STERADIAN. ) SOLID_ANGLE_UNIT ( ) );
#948 =( NAMED_UNIT ( * ) PLANE_ANGLE_UNIT ( ) SI_UNIT ( $, .RADIAN. ) );
#949 = ADVANCED_FACE ( 'NONE', ( #595 ), #1083, .F. ) ;
#950 = VECTOR ( 'NONE', #676, 1000.000000000000000 ) ;
#951 = CARTESIAN_POINT ( 'NONE',  ( -12.00000000000000355, 0.2000000000000000111, 0.000000000000000000 ) ) ;
#952 = SURFACE_SIDE_STYLE ('',( #22 ) ) ;
#953 = FACE_OUTER_BOUND ( 'NONE', #83, .T. ) ;
#954 = UNCERTAINTY_MEASURE_WITH_UNIT (LENGTH_MEASURE( 1.000000000000000082E-05 ), #7, 'distance_accuracy_value', 'NONE');
#955 = DIRECTION ( 'NONE',  ( 0.000000000000000000, -1.000000000000000000, 0.000000000000000000 ) ) ;
#956 = VERTEX_POINT ( 'NONE', #599 ) ;
#957 = LINE ( 'NONE', #370, #190 ) ;
#958 = UNCERTAINTY_MEASURE_WITH_UNIT (LENGTH_MEASURE( 1.000000000000000082E-05 ), #150, 'distance_accuracy_value', 'NONE');
#959 = PRODUCT ( 'curb', 'curb', '', ( #876 ) ) ;
#960 = LINE ( 'NONE', #1400, #411 ) ;
#961 = PRESENTATION_LAYER_ASSIGNMENT (  '', '', ( #33 ) ) ;
#962 = DIRECTION ( 'NONE',  ( 1.000000000000000000, 0.000000000000000000, -0.000000000000000000 ) ) ;
#963 =( GEOMETRIC_REPRESENTATION_CONTEXT ( 3 ) GLOBAL_UNCERTAINTY_ASSIGNED_CONTEXT ( ( #936 ) ) GLOBAL_UNIT_ASSIGNED_CONTEXT ( ( #1058, #15, #608 ) ) REPRESENTATION_CONTEXT ( 'NONE', 'WORKASPACE' ) );
#964 = ORIENTED_EDGE ( 'NONE', *, *, #1003, .F. ) ;
#965 = AXIS2_PLACEMENT_3D ( 'NONE', #1289, #257, #835 ) ;
#966 = LINE ( 'NONE', #381, #26 ) ;
#967 = FILL_AREA_STYLE ('',( #390 ) ) ;
#968 = FILL_AREA_STYLE ('',( #35 ) ) ;
#969 = AXIS2_PLACEMENT_3D ( 'NONE', #1031, #460, #686 ) ;
#970 = CARTESIAN_POINT ( 'NONE',  ( 10.00000000000000000, 0.000000000000000000, 15.00000000000000000 ) ) ;
#971 = EDGE_CURVE ( 'NONE', #938, #272, #373, .T. ) ;
#972 =( GEOMETRIC_REPRESENTATION_CONTEXT ( 3 ) GLOBAL_UNCERTAINTY_ASSIGNED_CONTEXT ( ( #1272 ) ) GLOBAL_UNIT_ASSIGNED_CONTEXT ( ( #553, #1362, #1022 ) ) REPRESENTATION_CONTEXT ( 'NONE', 'WORKASPACE' ) );
#973 = UNCERTAINTY_MEASURE_WITH_UNIT (LENGTH_MEASURE( 1.000000000000000082E-05 ), #931, 'distance_accuracy_value', 'NONE');
#974 = ORIENTED_EDGE ( 'NONE', *, *, #654, .F. ) ;
#975 = DIRECTION ( 'NONE',  ( -0.000000000000000000, -0.000000000000000000, -1.000000000000000000 ) ) ;
#976 = DIRECTION ( 'NONE',  ( 0.000000000000000000, -1.000000000000000000, 0.000000000000000000 ) ) ;
#977 = PRESENTATION_LAYER_ASSIGNMENT (  '', '', ( #435 ) ) ;
#978 = SURFACE_STYLE_FILL_AREA ( #392 ) ;
#979 =( LENGTH_UNIT ( ) NAMED_UNIT ( * ) SI_UNIT ( .MILLI., .METRE. ) );
#980 = VECTOR ( 'NONE', #311, 1000.000000000000000 ) ;
#981 = ORIENTED_EDGE ( 'NONE', *, *, #842, .F. ) ;
#982 = DIRECTION ( 'NONE',  ( 1.000000000000000000, 0.000000000000000000, 0.000000000000000000 ) ) ;
#983 = FACE_OUTER_BOUND ( 'NONE', #677, .T. ) ;
#984 = SURFACE_STYLE_FILL_AREA ( #1350 ) ;
#985 = MECHANICAL_DESIGN_GEOMETRIC_PRESENTATION_REPRESENTATION (  '', ( #476 ), #879 ) ;
#986 = ORIENTED_EDGE ( 'NONE', *, *, #557, .T. ) ;
#987 = SURFACE_STYLE_FILL_AREA ( #639 ) ;
#988 =( LENGTH_UNIT ( ) NAMED_UNIT ( * ) SI_UNIT ( .MILLI., .METRE. ) );
#989 = EDGE_CURVE ( 'NONE', #186, #1139, #710, .T. ) ;
#990 = VECTOR ( 'NONE', #1070, 1000.000000000000000 ) ;
#991 = CARTESIAN_POINT ( 'NONE',  ( -10.00000000000000000, 0.000000000000000000, 0.000000000000000000 ) ) ;
#992 = ORIENTED_EDGE ( 'NONE', *, *, #791, .F. ) ;
#993 =( GEOMETRIC_REPRESENTATION_CONTEXT ( 3 ) GLOBAL_UNCERTAINTY_ASSIGNED_CONTEXT ( ( #1080 ) ) GLOBAL_UNIT_ASSIGNED_CONTEXT ( ( #656, #750, #67 ) ) REPRESENTATION_CONTEXT ( 'NONE', 'WORKASPACE' ) );
#994 = PRESENTATION_STYLE_ASSIGNMENT (( #646 ) ) ;
#995 = CARTESIAN_POINT ( 'NONE',  ( 10.00000000000000000, 1.199999999999999956, -30.00000000000000000 ) ) ;
#996 = CARTESIAN_POINT ( 'NONE',  ( -3.678160919540230278, 0.5160919540229884639, 3.477011494252873369 ) ) ;
#997 = VERTEX_POINT ( 'NONE', #498 ) ;
#998 = VECTOR ( 'NONE', #811, 1000.000000000000000 ) ;
#999 = AXIS2_PLACEMENT_3D ( 'NONE', #403, #1336, #424 ) ;
#1000 = CARTESIAN_POINT ( 'NONE',  ( -10.00000000000000000, 0.2000000000000000111, 0.000000000000000000 ) ) ;
#1001 = PLANE ( 'NONE',  #888 ) ;
#1002 = LINE ( 'NONE', #467, #423 ) ;
#1003 = EDGE_CURVE ( 'NONE', #395, #105, #960, .T. ) ;
#1004 =( NAMED_UNIT ( * ) SI_UNIT ( $, .STERADIAN. ) SOLID_ANGLE_UNIT ( ) );
#1005 = ORIENTED_EDGE ( 'NONE', *, *, #125, .T. ) ;
#1006 = SURFACE_SIDE_STYLE ('',( #63 ) ) ;
#1007 = LINE ( 'NONE', #1458, #1127 ) ;
#1008 = FILL_AREA_STYLE_COLOUR ( '', #1468 ) ;
#1009 =( NAMED_UNIT ( * ) SI_UNIT ( $, .STERADIAN. ) SOLID_ANGLE_UNIT ( ) );
#1010 = DIRECTION ( 'NONE',  ( -0.8753762190648171071, -0.04376881095324083870, -0.4814569204856494200 ) ) ;
#1011 = PRESENTATION_LAYER_ASSIGNMENT (  '', '', ( #1328 ) ) ;
#1012 = ORIENTED_EDGE ( 'NONE', *, *, #1167, .F. ) ;
#1013 = ADVANCED_FACE ( 'NONE', ( #1178 ), #134, .F. ) ;
#1014 = DIRECTION ( 'NONE',  ( -0.000000000000000000, 0.000000000000000000, -1.000000000000000000 ) ) ;
#1015 = LINE ( 'NONE', #305, #1302 ) ;
#1016 = VECTOR ( 'NONE', #1251, 1000.000000000000000 ) ;
#1017 = ORIENTED_EDGE ( 'NONE', *, *, #1236, .T. ) ;
#1018 = AXIS2_PLACEMENT_3D ( 'NONE', #322, #1055, #1145 ) ;
#1019 =( GEOMETRIC_REPRESENTATION_CONTEXT ( 3 ) GLOBAL_UNCERTAINTY_ASSIGNED_CONTEXT ( ( #470 ) ) GLOBAL_UNIT_ASSIGNED_CONTEXT ( ( #210, #920, #591 ) ) REPRESENTATION_CONTEXT ( 'NONE', 'WORKASPACE' ) );
#1020 = EDGE_LOOP ( 'NONE', ( #266, #239, #1299, #1467 ) ) ;
#1021 = SURFACE_SIDE_STYLE ('',( #79 ) ) ;
#1022 =( NAMED_UNIT ( * ) SI_UNIT ( $, .STERADIAN. ) SOLID_ANGLE_UNIT ( ) );
#1023 =( LENGTH_UNIT ( ) NAMED_UNIT ( * ) SI_UNIT ( .MILLI., .METRE. ) );
#1024 = LINE ( 'NONE', #1484, #573 ) ;
#1025 = PRESENTATION_STYLE_ASSIGNMENT (( #1486 ) ) ;
#1026 = FACE_OUTER_BOUND ( 'NONE', #1062, .T. ) ;
#1027 =( GEOMETRIC_REPRESENTATION_CONTEXT ( 3 ) GLOBAL_UNCERTAINTY_ASSIGNED_CONTEXT ( ( #899 ) ) GLOBAL_UNIT_ASSIGNED_CONTEXT ( ( #472, #464, #1206 ) ) REPRESENTATION_CONTEXT ( 'NONE', 'WORKASPACE' ) );
#1028 = LINE ( 'NONE', #661, #406 ) ;
#1029 = ADVANCED_FACE ( 'NONE', ( #1136 ), #220, .F. ) ;
#1030 = COLOUR_RGB ( '',1.000000000000000000, 1.000000000000000000, 1.000000000000000000 ) ;
#1031 = CARTESIAN_POINT ( 'NONE',  ( -10.00000000000000000, 0.2000000000000000111, -30.00000000000000000 ) ) ;
#1032 = DIRECTION ( 'NONE',  ( -0.000000000000000000, -0.000000000000000000, -1.000000000000000000 ) ) ;
#1033 = FILL_AREA_STYLE_COLOUR ( '', #455 ) ;
#1034 = DIRECTION ( 'NONE',  ( 1.000000000000000000, 0.000000000000000000, 0.000000000000000000 ) ) ;
#1035 = VERTEX_POINT ( 'NONE', #584 ) ;
#1036 = DIRECTION ( 'NONE',  ( -0.000000000000000000, 1.000000000000000000, -0.000000000000000000 ) ) ;
#1037 = LINE ( 'NONE', #205, #1216 ) ;
#1038 =( NAMED_UNIT ( * ) SI_UNIT ( $, .STERADIAN. ) SOLID_ANGLE_UNIT ( ) );
#1039 = DIRECTION ( 'NONE',  ( -0.000000000000000000, -0.000000000000000000, -1.000000000000000000 ) ) ;
#1040 =( LENGTH_UNIT ( ) NAMED_UNIT ( * ) SI_UNIT ( .MILLI., .METRE. ) );
#1041 = SURFACE_SIDE_STYLE ('',( #694 ) ) ;
#1042 = UNCERTAINTY_MEASURE_WITH_UNIT (LENGTH_MEASURE( 1.000000000000000082E-05 ), #979, 'distance_accuracy_value', 'NONE');
#1043 = LINE ( 'NONE', #452, #1265 ) ;
#1044 = VERTEX_POINT ( 'NONE', #1475 ) ;
#1045 = COLOUR_RGB ( '',1.000000000000000000, 0.000000000000000000, 0.000000000000000000 ) ;
#1046 = CARTESIAN_POINT ( 'NONE',  ( 10.00000000000000178, 1.199999999999999956, -49.00000000000000000 ) ) ;
#1047 = SURFACE_STYLE_FILL_AREA ( #342 ) ;
#1048 = AXIS2_PLACEMENT_3D ( 'NONE', #542, #72, #1441 ) ;
#1049 = PRESENTATION_STYLE_ASSIGNMENT (( #734 ) ) ;
#1050 = SURFACE_STYLE_USAGE ( .BOTH. , #1245 ) ;
#1051 = VERTEX_POINT ( 'NONE', #12 ) ;
#1052 = EDGE_CURVE ( 'NONE', #303, #169, #106, .T. ) ;
#1053 =( NAMED_UNIT ( * ) SI_UNIT ( $, .STERADIAN. ) SOLID_ANGLE_UNIT ( ) );
#1054 = FACE_OUTER_BOUND ( 'NONE', #1170, .T. ) ;
#1055 = DIRECTION ( 'NONE',  ( -0.000000000000000000, 0.000000000000000000, 1.000000000000000000 ) ) ;
#1056 = PRESENTATION_LAYER_ASSIGNMENT (  '', '', ( #198 ) ) ;
#1057 = CARTESIAN_POINT ( 'NONE',  ( 10.00000000000000000, 0.2000000000000000944, -60.00000000000000000 ) ) ;
#1058 =( LENGTH_UNIT ( ) NAMED_UNIT ( * ) SI_UNIT ( .MILLI., .METRE. ) );
#1059 = CARTESIAN_POINT ( 'NONE',  ( -10.00000000000000000, 0.2000000000000000111, 15.00000000000000000 ) ) ;
#1060 = STYLED_ITEM ( 'NONE', ( #1410 ), #949 ) ;
#1061 = EDGE_CURVE ( 'NONE', #1366, #1044, #1398, .T. ) ;
#1062 = EDGE_LOOP ( 'NONE', ( #8, #898, #945, #286 ) ) ;
#1063 =( NAMED_UNIT ( * ) SI_UNIT ( $, .STERADIAN. ) SOLID_ANGLE_UNIT ( ) );
#1064 = UNCERTAINTY_MEASURE_WITH_UNIT (LENGTH_MEASURE( 1.000000000000000082E-05 ), #1370, 'distance_accuracy_value', 'NONE');
#1065 = SURFACE_STYLE_USAGE ( .BOTH. , #717 ) ;
#1066 = COLOUR_RGB ( '',1.000000000000000000, 1.000000000000000000, 1.000000000000000000 ) ;
#1067 = DIRECTION ( 'NONE',  ( -0.000000000000000000, 0.000000000000000000, 1.000000000000000000 ) ) ;
#1068 = FILL_AREA_STYLE ('',( #1195 ) ) ;
#1069 = STYLED_ITEM ( 'NONE', ( #1146 ), #446 ) ;
#1070 = DIRECTION ( 'NONE',  ( -0.000000000000000000, -0.000000000000000000, -1.000000000000000000 ) ) ;
#1071 = ORIENTED_EDGE ( 'NONE', *, *, #887, .F. ) ;
#1072 = CARTESIAN_POINT ( 'NONE',  ( 0.000000000000000000, 0.000000000000000000, -60.00000000000000000 ) ) ;
#1073 = STYLED_ITEM ( 'NONE', ( #1230 ), #1275 ) ;
#1074 = AXIS2_PLACEMENT_3D ( 'NONE', #645, #85, #1014 ) ;
#1075 = FACE_OUTER_BOUND ( 'NONE', #488, .T. ) ;
#1076 = CARTESIAN_POINT ( 'NONE',  ( 0.000000000000000000, 0.2000000000000000111, -60.00000000000000000 ) ) ;
#1077 =( NAMED_UNIT ( * ) SI_UNIT ( $, .STERADIAN. ) SOLID_ANGLE_UNIT ( ) );
#1078 = ORIENTED_EDGE ( 'NONE', *, *, #749, .T. ) ;
#1079 = LINE ( 'NONE', #42, #281 ) ;
#1080 = UNCERTAINTY_MEASURE_WITH_UNIT (LENGTH_MEASURE( 1.000000000000000082E-05 ), #656, 'distance_accuracy_value', 'NONE');
#1081 = FILL_AREA_STYLE ('',( #615 ) ) ;
#1082 = DIRECTION ( 'NONE',  ( 0.000000000000000000, -0.9958932064677038509, 0.09053574604251851676 ) ) ;
#1083 = PLANE ( 'NONE',  #965 ) ;
#1084 = STYLED_ITEM ( 'NONE', ( #624 ), #503 ) ;
#1085 = VECTOR ( 'NONE', #1428, 1000.000000000000000 ) ;
#1086 = CARTESIAN_POINT ( 'NONE',  ( 10.00000000000000000, 1.199999999999999956, -15.00000000000000000 ) ) ;
#1087 = PLANE ( 'NONE',  #1048 ) ;
#1088 = EDGE_LOOP ( 'NONE', ( #247, #528, #795, #209 ) ) ;
#1089 = DIRECTION ( 'NONE',  ( 1.000000000000000000, 0.000000000000000000, 0.000000000000000000 ) ) ;
#1090 = CLOSED_SHELL ( 'NONE', ( #181, #285, #1220, #277, #1275, #867, #660 ) ) ;
#1091 = FILL_AREA_STYLE ('',( #414 ) ) ;
#1092 =( NAMED_UNIT ( * ) PLANE_ANGLE_UNIT ( ) SI_UNIT ( $, .RADIAN. ) );
#1093 = CARTESIAN_POINT ( 'NONE',  ( 10.00000000000000000, 0.000000000000000000, -15.00000000000000000 ) ) ;
#1094 = ORIENTED_EDGE ( 'NONE', *, *, #108, .T. ) ;
#1095 = DIRECTION ( 'NONE',  ( 0.000000000000000000, 1.000000000000000000, 0.000000000000000000 ) ) ;
#1096 =( NAMED_UNIT ( * ) SI_UNIT ( $, .STERADIAN. ) SOLID_ANGLE_UNIT ( ) );
#1097 = PRESENTATION_LAYER_ASSIGNMENT (  '', '', ( #238 ) ) ;
#1098 = CARTESIAN_POINT ( 'NONE',  ( 10.00000000000000178, 1.199999999999999956, 11.00000000000000000 ) ) ;
#1099 = CARTESIAN_POINT ( 'NONE',  ( -10.00000000000000000, 0.2000000000000000111, 0.000000000000000000 ) ) ;
#1100 = AXIS2_PLACEMENT_3D ( 'NONE', #1367, #900, #113 ) ;
#1101 = ORIENTED_EDGE ( 'NONE', *, *, #1452, .T. ) ;
#1102 = EDGE_CURVE ( 'NONE', #339, #997, #1037, .T. ) ;
#1103 = CARTESIAN_POINT ( 'NONE',  ( -10.00000000000000000, 0.000000000000000000, 15.00000000000000000 ) ) ;
#1104 = CARTESIAN_POINT ( 'NONE',  ( 10.00000000000000000, 1.199999999999999956, -45.00000000000000000 ) ) ;
#1105 = VECTOR ( 'NONE', #526, 1000.000000000000114 ) ;
#1106 = LINE ( 'NONE', #991, #550 ) ;
#1107 = VECTOR ( 'NONE', #1135, 1000.000000000000000 ) ;
#1108 = VERTEX_POINT ( 'NONE', #340 ) ;
#1109 = STYLED_ITEM ( 'NONE', ( #208 ), #917 ) ;
#1110 = CARTESIAN_POINT ( 'NONE',  ( 10.00000000000000178, 1.199999999999999956, -19.00000000000000000 ) ) ;
#1111 = VECTOR ( 'NONE', #562, 1000.000000000000000 ) ;
#1112 = PRESENTATION_LAYER_ASSIGNMENT (  '', '', ( #297 ) ) ;
#1113 = FACE_OUTER_BOUND ( 'NONE', #1271, .T. ) ;
#1114 = CARTESIAN_POINT ( 'NONE',  ( -10.00000000000000000, 0.2000000000000000111, -45.00000000000000000 ) ) ;
#1115 = ORIENTED_EDGE ( 'NONE', *, *, #826, .F. ) ;
#1116 = SURFACE_STYLE_USAGE ( .BOTH. , #536 ) ;
#1117 = DIRECTION ( 'NONE',  ( -0.000000000000000000, 0.000000000000000000, 1.000000000000000000 ) ) ;
#1118 = EDGE_CURVE ( 'NONE', #506, #303, #233, .T. ) ;
#1119 = SURFACE_SIDE_STYLE ('',( #978 ) ) ;
#1120 = EDGE_LOOP ( 'NONE', ( #119, #824, #1078, #724 ) ) ;
#1121 = STYLED_ITEM ( 'NONE', ( #1394 ), #1490 ) ;
#1122 = CARTESIAN_POINT ( 'NONE',  ( -12.00000000000000355, 0.2000000000000000111, -15.00000000000000000 ) ) ;
#1123 = CARTESIAN_POINT ( 'NONE',  ( -10.00000000000000000, 0.000000000000000000, -45.00000000000000000 ) ) ;
#1124 = EDGE_CURVE ( 'NONE', #97, #506, #473, .T. ) ;
#1125 = ORIENTED_EDGE ( 'NONE', *, *, #812, .F. ) ;
#1126 = DIRECTION ( 'NONE',  ( -0.000000000000000000, 0.000000000000000000, 1.000000000000000000 ) ) ;
#1127 = VECTOR ( 'NONE', #666, 1000.000000000000000 ) ;
#1128 = VECTOR ( 'NONE', #484, 1000.000000000000000 ) ;
#1129 = FACE_OUTER_BOUND ( 'NONE', #1257, .T. ) ;
#1130 = SURFACE_STYLE_FILL_AREA ( #633 ) ;
#1131 =( NAMED_UNIT ( * ) PLANE_ANGLE_UNIT ( ) SI_UNIT ( $, .RADIAN. ) );
#1132 = VECTOR ( 'NONE', #735, 1000.000000000000000 ) ;
#1133 = ORIENTED_EDGE ( 'NONE', *, *, #1363, .F. ) ;
#1134 = SURFACE_STYLE_FILL_AREA ( #696 ) ;
#1135 = DIRECTION ( 'NONE',  ( 1.000000000000000000, 0.000000000000000000, 0.000000000000000000 ) ) ;
#1136 = FACE_OUTER_BOUND ( 'NONE', #549, .T. ) ;
#1137 = LINE ( 'NONE', #790, #275 ) ;
#1138 =( LENGTH_UNIT ( ) NAMED_UNIT ( * ) SI_UNIT ( .MILLI., .METRE. ) );
#1139 = VERTEX_POINT ( 'NONE', #1046 ) ;
#1140 = CARTESIAN_POINT ( 'NONE',  ( 10.00000000000000000, 0.000000000000000000, -45.00000000000000000 ) ) ;
#1141 = EDGE_CURVE ( 'NONE', #56, #1433, #1164, .T. ) ;
#1142 = MECHANICAL_DESIGN_GEOMETRIC_PRESENTATION_REPRESENTATION (  '', ( #925 ), #871 ) ;
#1143 = ORIENTED_EDGE ( 'NONE', *, *, #1408, .F. ) ;
#1144 = PLANE ( 'NONE',  #1438 ) ;
#1145 = DIRECTION ( 'NONE',  ( 1.000000000000000000, 0.000000000000000000, 0.000000000000000000 ) ) ;
#1146 = PRESENTATION_STYLE_ASSIGNMENT (( #1155 ) ) ;
#1147 = PLANE ( 'NONE',  #505 ) ;
#1148 = CARTESIAN_POINT ( 'NONE',  ( 10.00000000000000000, 0.000000000000000000, -45.00000000000000000 ) ) ;
#1149 = PLANE ( 'NONE',  #374 ) ;
#1150 = ORIENTED_EDGE ( 'NONE', *, *, #376, .T. ) ;
#1151 = COLOUR_RGB ( '',1.000000000000000000, 1.000000000000000000, 1.000000000000000000 ) ;
#1152 = SURFACE_STYLE_FILL_AREA ( #225 ) ;
#1153 = EDGE_CURVE ( 'NONE', #339, #1280, #1392, .T. ) ;
#1154 = UNCERTAINTY_MEASURE_WITH_UNIT (LENGTH_MEASURE( 1.000000000000000082E-05 ), #242, 'distance_accuracy_value', 'NONE');
#1155 = SURFACE_STYLE_USAGE ( .BOTH. , #87 ) ;
#1156 = SURFACE_SIDE_STYLE ('',( #1130 ) ) ;
#1157 = CARTESIAN_POINT ( 'NONE',  ( 10.00000000000000000, 1.199999999999999956, -15.00000000000000000 ) ) ;
#1158 = ORIENTED_EDGE ( 'NONE', *, *, #337, .T. ) ;
#1159 = SURFACE_SIDE_STYLE ('',( #1134 ) ) ;
#1160 = ORIENTED_EDGE ( 'NONE', *, *, #989, .T. ) ;
#1161 = MECHANICAL_DESIGN_GEOMETRIC_PRESENTATION_REPRESENTATION (  '', ( #1371 ), #575 ) ;
#1162 =( NAMED_UNIT ( * ) SI_UNIT ( $, .STERADIAN. ) SOLID_ANGLE_UNIT ( ) );
#1163 = STYLED_ITEM ( 'NONE', ( #538 ), #285 ) ;
#1164 = LINE ( 'NONE', #445, #560 ) ;
#1165 = SURFACE_STYLE_USAGE ( .BOTH. , #700 ) ;
#1166 = STYLED_ITEM ( 'NONE', ( #6 ), #459 ) ;
#1167 = EDGE_CURVE ( 'NONE', #651, #1337, #1481, .T. ) ;
#1168 = FACE_OUTER_BOUND ( 'NONE', #255, .T. ) ;
#1169 = FILL_AREA_STYLE_COLOUR ( '', #1030 ) ;
#1170 = EDGE_LOOP ( 'NONE', ( #153, #514, #714, #1420, #479 ) ) ;
#1171 = COLOUR_RGB ( '',1.000000000000000000, 1.000000000000000000, 1.000000000000000000 ) ;
#1172 = SURFACE_SIDE_STYLE ('',( #1313 ) ) ;
#1173 = EDGE_CURVE ( 'NONE', #1274, #272, #1285, .T. ) ;
#1174 = ORIENTED_EDGE ( 'NONE', *, *, #1369, .F. ) ;
#1175 = CARTESIAN_POINT ( 'NONE',  ( 10.00000000000000000, 1.199999999999999956, -15.00000000000000000 ) ) ;
#1176 = PRESENTATION_LAYER_ASSIGNMENT (  '', '', ( #902 ) ) ;
#1177 = CARTESIAN_POINT ( 'NONE',  ( 0.000000000000000000, 0.000000000000000000, -15.00000000000000000 ) ) ;
#1178 = FACE_OUTER_BOUND ( 'NONE', #1389, .T. ) ;
#1179 = FILL_AREA_STYLE ('',( #837 ) ) ;
#1180 = UNCERTAINTY_MEASURE_WITH_UNIT (LENGTH_MEASURE( 1.000000000000000082E-05 ), #396, 'distance_accuracy_value', 'NONE');
#1181 = FACE_OUTER_BOUND ( 'NONE', #1402, .T. ) ;
#1182 = ORIENTED_EDGE ( 'NONE', *, *, #1321, .F. ) ;
#1183 = PRESENTATION_LAYER_ASSIGNMENT (  '', '', ( #323 ) ) ;
#1184 =( NAMED_UNIT ( * ) PLANE_ANGLE_UNIT ( ) SI_UNIT ( $, .RADIAN. ) );
#1185 = COLOUR_RGB ( '',1.000000000000000000, 0.000000000000000000, 0.000000000000000000 ) ;
#1186 = FILL_AREA_STYLE ('',( #1301 ) ) ;
#1187 = SURFACE_STYLE_FILL_AREA ( #142 ) ;
#1188 = VECTOR ( 'NONE', #1476, 1000.000000000000114 ) ;
#1189 = CARTESIAN_POINT ( 'NONE',  ( -10.00000000000000000, 0.2000000000000000111, -45.00000000000000000 ) ) ;
#1190 = VERTEX_POINT ( 'NONE', #623 ) ;
#1191 = EDGE_CURVE ( 'NONE', #862, #1274, #631, .T. ) ;
#1192 = CARTESIAN_POINT ( 'NONE',  ( 10.00000000000000000, 0.000000000000000000, -30.00000000000000000 ) ) ;
#1193 = PRESENTATION_LAYER_ASSIGNMENT (  '', '', ( #1121 ) ) ;
#1194 = SURFACE_SIDE_STYLE ('',( #1187 ) ) ;
#1195 = FILL_AREA_STYLE_COLOUR ( '', #708 ) ;
#1196 = DIRECTION ( 'NONE',  ( 0.000000000000000000, 0.000000000000000000, 1.000000000000000000 ) ) ;
#1197 = UNCERTAINTY_MEASURE_WITH_UNIT (LENGTH_MEASURE( 1.000000000000000082E-05 ), #1414, 'distance_accuracy_value', 'NONE');
#1198 = SURFACE_STYLE_USAGE ( .BOTH. , #612 ) ;
#1199 = ORIENTED_EDGE ( 'NONE', *, *, #826, .T. ) ;
#1200 = DIRECTION ( 'NONE',  ( -0.000000000000000000, -0.000000000000000000, -1.000000000000000000 ) ) ;
#1201 = CARTESIAN_POINT ( 'NONE',  ( -10.00000000000000000, 0.2000000000000000111, -30.00000000000000000 ) ) ;
#1202 = EDGE_CURVE ( 'NONE', #56, #1366, #966, .T. ) ;
#1203 =( LENGTH_UNIT ( ) NAMED_UNIT ( * ) SI_UNIT ( .MILLI., .METRE. ) );
#1204 = VECTOR ( 'NONE', #889, 1000.000000000000000 ) ;
#1205 = DIRECTION ( 'NONE',  ( 0.000000000000000000, -0.9958932064677038509, 0.09053574604251851676 ) ) ;
#1206 =( NAMED_UNIT ( * ) SI_UNIT ( $, .STERADIAN. ) SOLID_ANGLE_UNIT ( ) );
#1207 =( NAMED_UNIT ( * ) SI_UNIT ( $, .STERADIAN. ) SOLID_ANGLE_UNIT ( ) );
#1208 = EDGE_LOOP ( 'NONE', ( #102, #535, #1372, #1012 ) ) ;
#1209 = FILL_AREA_STYLE ('',( #147 ) ) ;
#1210 = VECTOR ( 'NONE', #649, 1000.000000000000114 ) ;
#1211 = ADVANCED_FACE ( 'NONE', ( #32 ), #364, .F. ) ;
#1212 =( LENGTH_UNIT ( ) NAMED_UNIT ( * ) SI_UNIT ( .MILLI., .METRE. ) );
#1213 = ORIENTED_EDGE ( 'NONE', *, *, #1430, .T. ) ;
#1214 = SURFACE_SIDE_STYLE ('',( #412 ) ) ;
#1215 = SURFACE_STYLE_FILL_AREA ( #1091 ) ;
#1216 = VECTOR ( 'NONE', #1368, 1000.000000000000000 ) ;
#1217 = COLOUR_RGB ( '',1.000000000000000000, 1.000000000000000000, 1.000000000000000000 ) ;
#1218 = SURFACE_STYLE_USAGE ( .BOTH. , #868 ) ;
#1219 = CARTESIAN_POINT ( 'NONE',  ( 0.000000000000000000, 0.000000000000000000, -15.00000000000000000 ) ) ;
#1220 = ADVANCED_FACE ( 'NONE', ( #1422 ), #1434, .F. ) ;
#1221 = ORIENTED_EDGE ( 'NONE', *, *, #1202, .F. ) ;
#1222 =( NAMED_UNIT ( * ) PLANE_ANGLE_UNIT ( ) SI_UNIT ( $, .RADIAN. ) );
#1223 = LINE ( 'NONE', #1201, #618 ) ;
#1224 =( NAMED_UNIT ( * ) SI_UNIT ( $, .STERADIAN. ) SOLID_ANGLE_UNIT ( ) );
#1225 = PRESENTATION_LAYER_ASSIGNMENT (  '', '', ( #1084 ) ) ;
#1226 = LINE ( 'NONE', #284, #1210 ) ;
#1227 = DIRECTION ( 'NONE',  ( -0.000000000000000000, 0.000000000000000000, 1.000000000000000000 ) ) ;
#1228 = VECTOR ( 'NONE', #161, 1000.000000000000000 ) ;
#1229 = ORIENTED_EDGE ( 'NONE', *, *, #1262, .T. ) ;
#1230 = PRESENTATION_STYLE_ASSIGNMENT (( #1116 ) ) ;
#1231 = DIRECTION ( 'NONE',  ( 0.9987523388778446476, 0.04993761694389221850, 0.000000000000000000 ) ) ;
#1232 = FILL_AREA_STYLE_COLOUR ( '', #855 ) ;
#1233 = ORIENTED_EDGE ( 'NONE', *, *, #817, .T. ) ;
#1234 = VECTOR ( 'NONE', #1347, 1000.000000000000000 ) ;
#1235 = FILL_AREA_STYLE ('',( #772 ) ) ;
#1236 = EDGE_CURVE ( 'NONE', #128, #862, #957, .T. ) ;
#1237 = LINE ( 'NONE', #1482, #231 ) ;
#1238 =( NAMED_UNIT ( * ) SI_UNIT ( $, .STERADIAN. ) SOLID_ANGLE_UNIT ( ) );
#1239 = LINE ( 'NONE', #1357, #34 ) ;
#1240 = ORIENTED_EDGE ( 'NONE', *, *, #722, .F. ) ;
#1241 = VECTOR ( 'NONE', #1273, 1000.000000000000000 ) ;
#1242 = FACE_OUTER_BOUND ( 'NONE', #1120, .T. ) ;
#1243 =( NAMED_UNIT ( * ) SI_UNIT ( $, .STERADIAN. ) SOLID_ANGLE_UNIT ( ) );
#1244 = FILL_AREA_STYLE_COLOUR ( '', #1185 ) ;
#1245 = SURFACE_SIDE_STYLE ('',( #343 ) ) ;
#1246 = EDGE_LOOP ( 'NONE', ( #705, #1387, #974, #433 ) ) ;
#1247 = AXIS2_PLACEMENT_3D ( 'NONE', #875, #422, #168 ) ;
#1248 = DIRECTION ( 'NONE',  ( -0.000000000000000000, -0.000000000000000000, -1.000000000000000000 ) ) ;
#1249 = SURFACE_SIDE_STYLE ('',( #296 ) ) ;
#1250 = DIRECTION ( 'NONE',  ( -0.8753762190648171071, -0.04376881095324083870, -0.4814569204856494200 ) ) ;
#1251 = DIRECTION ( 'NONE',  ( 0.000000000000000000, 0.09053574604251851676, 0.9958932064677038509 ) ) ;
#1252 = LINE ( 'NONE', #309, #206 ) ;
#1253 =( NAMED_UNIT ( * ) PLANE_ANGLE_UNIT ( ) SI_UNIT ( $, .RADIAN. ) );
#1254 = EDGE_CURVE ( 'NONE', #40, #1472, #1079, .T. ) ;
#1255 = CARTESIAN_POINT ( 'NONE',  ( -10.00000000000000000, 0.2000000000000000111, -60.00000000000000000 ) ) ;
#1256 = PRESENTATION_LAYER_ASSIGNMENT (  '', '', ( #908 ) ) ;
#1257 = EDGE_LOOP ( 'NONE', ( #1160, #1094, #779, #347 ) ) ;
#1258 = DIRECTION ( 'NONE',  ( 0.000000000000000000, -0.9958932064677038509, 0.09053574604251851676 ) ) ;
#1259 = FACE_OUTER_BOUND ( 'NONE', #543, .T. ) ;
#1260 = SURFACE_STYLE_FILL_AREA ( #578 ) ;
#1261 = DIRECTION ( 'NONE',  ( -0.000000000000000000, -0.000000000000000000, -1.000000000000000000 ) ) ;
#1262 = EDGE_CURVE ( 'NONE', #1035, #97, #850, .T. ) ;
#1263 =( GEOMETRIC_REPRESENTATION_CONTEXT ( 3 ) GLOBAL_UNCERTAINTY_ASSIGNED_CONTEXT ( ( #619 ) ) GLOBAL_UNIT_ASSIGNED_CONTEXT ( ( #388, #1316, #947 ) ) REPRESENTATION_CONTEXT ( 'NONE', 'WORKASPACE' ) );
#1264 = DIRECTION ( 'NONE',  ( 0.000000000000000000, -0.09053574604251851676, -0.9958932064677038509 ) ) ;
#1265 = VECTOR ( 'NONE', #1248, 1000.000000000000000 ) ;
#1266 = ORIENTED_EDGE ( 'NONE', *, *, #1314, .T. ) ;
#1267 = LINE ( 'NONE', #1000, #82 ) ;
#1268 = SURFACE_STYLE_FILL_AREA ( #690 ) ;
#1269 = FILL_AREA_STYLE ('',( #668 ) ) ;
#1270 = FILL_AREA_STYLE ('',( #199 ) ) ;
#1271 = EDGE_LOOP ( 'NONE', ( #621, #1150, #964, #462, #849 ) ) ;
#1272 = UNCERTAINTY_MEASURE_WITH_UNIT (LENGTH_MEASURE( 1.000000000000000082E-05 ), #553, 'distance_accuracy_value', 'NONE');
#1273 = DIRECTION ( 'NONE',  ( 1.000000000000000000, 0.000000000000000000, 0.000000000000000000 ) ) ;
#1274 = VERTEX_POINT ( 'NONE', #864 ) ;
#1275 = ADVANCED_FACE ( 'NONE', ( #1242 ), #665, .T. ) ;
#1276 =( NAMED_UNIT ( * ) SI_UNIT ( $, .STERADIAN. ) SOLID_ANGLE_UNIT ( ) );
#1277 = UNCERTAINTY_MEASURE_WITH_UNIT (LENGTH_MEASURE( 1.000000000000000082E-05 ), #691, 'distance_accuracy_value', 'NONE');
#1278 = SURFACE_STYLE_FILL_AREA ( #1081 ) ;
#1279 = SURFACE_STYLE_USAGE ( .BOTH. , #1156 ) ;
#1280 = VERTEX_POINT ( 'NONE', #1354 ) ;
#1281 = FILL_AREA_STYLE ('',( #794 ) ) ;
#1282 = ORIENTED_EDGE ( 'NONE', *, *, #295, .F. ) ;
#1283 = AXIS2_PLACEMENT_3D ( 'NONE', #995, #1454, #167 ) ;
#1284 = DIRECTION ( 'NONE',  ( -0.000000000000000000, 0.000000000000000000, 1.000000000000000000 ) ) ;
#1285 = LINE ( 'NONE', #746, #359 ) ;
#1286 = ADVANCED_FACE ( 'NONE', ( #530 ), #878, .F. ) ;
#1287 = AXIS2_PLACEMENT_3D ( 'NONE', #264, #518, #982 ) ;
#1288 = FILL_AREA_STYLE_COLOUR ( '', #773 ) ;
#1289 = CARTESIAN_POINT ( 'NONE',  ( -12.00000000000000355, 0.2000000000000000111, -30.00000000000000000 ) ) ;
#1290 = UNCERTAINTY_MEASURE_WITH_UNIT (LENGTH_MEASURE( 1.000000000000000082E-05 ), #312, 'distance_accuracy_value', 'NONE');
#1291 =( NAMED_UNIT ( * ) PLANE_ANGLE_UNIT ( ) SI_UNIT ( $, .RADIAN. ) );
#1292 = VERTEX_POINT ( 'NONE', #1110 ) ;
#1293 = PLANE ( 'NONE',  #692 ) ;
#1294 = MECHANICAL_DESIGN_GEOMETRIC_PRESENTATION_REPRESENTATION (  '', ( #736 ), #1403 ) ;
#1295 = PRESENTATION_STYLE_ASSIGNMENT (( #490 ) ) ;
#1296 = UNCERTAINTY_MEASURE_WITH_UNIT (LENGTH_MEASURE( 1.000000000000000082E-05 ), #1318, 'distance_accuracy_value', 'NONE');
#1297 = DIRECTION ( 'NONE',  ( 1.000000000000000000, 0.000000000000000000, 0.000000000000000000 ) ) ;
#1298 = CARTESIAN_POINT ( 'NONE',  ( 10.00000000000000000, 1.199999999999999956, -15.00000000000000000 ) ) ;
#1299 = ORIENTED_EDGE ( 'NONE', *, *, #1461, .T. ) ;
#1300 = FILL_AREA_STYLE_COLOUR ( '', #869 ) ;
#1301 = FILL_AREA_STYLE_COLOUR ( '', #1487 ) ;
#1302 = VECTOR ( 'NONE', #86, 1000.000000000000000 ) ;
#1303 =( NAMED_UNIT ( * ) PLANE_ANGLE_UNIT ( ) SI_UNIT ( $, .RADIAN. ) );
#1304 = LINE ( 'NONE', #252, #569 ) ;
#1305 = MECHANICAL_DESIGN_GEOMETRIC_PRESENTATION_REPRESENTATION (  '', ( #1109 ), #84 ) ;
#1306 = ADVANCED_FACE ( 'NONE', ( #187 ), #294, .F. ) ;
#1307 = FILL_AREA_STYLE_COLOUR ( '', #760 ) ;
#1308 = ORIENTED_EDGE ( 'NONE', *, *, #971, .F. ) ;
#1309 = CARTESIAN_POINT ( 'NONE',  ( -10.00000000000000000, 0.000000000000000000, -30.00000000000000000 ) ) ;
#1310 = MECHANICAL_DESIGN_GEOMETRIC_PRESENTATION_REPRESENTATION (  '', ( #908 ), #836 ) ;
#1311 =( GEOMETRIC_REPRESENTATION_CONTEXT ( 3 ) GLOBAL_UNCERTAINTY_ASSIGNED_CONTEXT ( ( #148 ) ) GLOBAL_UNIT_ASSIGNED_CONTEXT ( ( #933, #391, #881 ) ) REPRESENTATION_CONTEXT ( 'NONE', 'WORKASPACE' ) );
#1312 = SURFACE_SIDE_STYLE ('',( #1416 ) ) ;
#1313 = SURFACE_STYLE_FILL_AREA ( #491 ) ;
#1314 = EDGE_CURVE ( 'NONE', #1280, #1292, #230, .T. ) ;
#1315 = VERTEX_POINT ( 'NONE', #1140 ) ;
#1316 =( NAMED_UNIT ( * ) PLANE_ANGLE_UNIT ( ) SI_UNIT ( $, .RADIAN. ) );
#1317 = SURFACE_STYLE_USAGE ( .BOTH. , #1194 ) ;
#1318 =( LENGTH_UNIT ( ) NAMED_UNIT ( * ) SI_UNIT ( .MILLI., .METRE. ) );
#1319 = ORIENTED_EDGE ( 'NONE', *, *, #812, .T. ) ;
#1320 = SURFACE_STYLE_USAGE ( .BOTH. , #1214 ) ;
#1321 = EDGE_CURVE ( 'NONE', #956, #321, #320, .T. ) ;
#1322 = MECHANICAL_DESIGN_GEOMETRIC_PRESENTATION_REPRESENTATION (  '', ( #902 ), #669 ) ;
#1323 =( LENGTH_UNIT ( ) NAMED_UNIT ( * ) SI_UNIT ( .MILLI., .METRE. ) );
#1324 = LINE ( 'NONE', #1175, #566 ) ;
#1325 = SHAPE_DEFINITION_REPRESENTATION ( #366, #521 ) ;
#1326 = ORIENTED_EDGE ( 'NONE', *, *, #18, .F. ) ;
#1327 = CARTESIAN_POINT ( 'NONE',  ( -10.00000000000000000, 0.2000000000000000111, -45.00000000000000000 ) ) ;
#1328 = STYLED_ITEM ( 'NONE', ( #143 ), #38 ) ;
#1329 = EDGE_CURVE ( 'NONE', #745, #321, #1043, .T. ) ;
#1330 = AXIS2_PLACEMENT_3D ( 'NONE', #1432, #1460, #642 ) ;
#1331 = CARTESIAN_POINT ( 'NONE',  ( -10.00000000000000000, 0.000000000000000000, -60.00000000000000000 ) ) ;
#1332 = AXIS2_PLACEMENT_3D ( 'NONE', #829, #585, #606 ) ;
#1333 = ORIENTED_EDGE ( 'NONE', *, *, #1353, .F. ) ;
#1334 =( NAMED_UNIT ( * ) SI_UNIT ( $, .STERADIAN. ) SOLID_ANGLE_UNIT ( ) );
#1335 = PRESENTATION_LAYER_ASSIGNMENT (  '', '', ( #736 ) ) ;
#1336 = DIRECTION ( 'NONE',  ( 0.000000000000000000, 0.000000000000000000, 1.000000000000000000 ) ) ;
#1337 = VERTEX_POINT ( 'NONE', #1473 ) ;
#1338 =( NAMED_UNIT ( * ) PLANE_ANGLE_UNIT ( ) SI_UNIT ( $, .RADIAN. ) );
#1339 = SURFACE_SIDE_STYLE ('',( #283 ) ) ;
#1340 = LINE ( 'NONE', #996, #157 ) ;
#1341 = COLOUR_RGB ( '',1.000000000000000000, 1.000000000000000000, 1.000000000000000000 ) ;
#1342 = ORIENTED_EDGE ( 'NONE', *, *, #1191, .F. ) ;
#1343 = ADVANCED_FACE ( 'NONE', ( #442 ), #93, .F. ) ;
#1344 =( NAMED_UNIT ( * ) PLANE_ANGLE_UNIT ( ) SI_UNIT ( $, .RADIAN. ) );
#1345 = FILL_AREA_STYLE ('',( #194 ) ) ;
#1346 = VECTOR ( 'NONE', #820, 1000.000000000000000 ) ;
#1347 = DIRECTION ( 'NONE',  ( 1.000000000000000000, 0.000000000000000000, 0.000000000000000000 ) ) ;
#1348 = COLOUR_RGB ( '',1.000000000000000000, 1.000000000000000000, 1.000000000000000000 ) ;
#1349 = PRESENTATION_STYLE_ASSIGNMENT (( #1218 ) ) ;
#1350 = FILL_AREA_STYLE ('',( #179 ) ) ;
#1351 = MECHANICAL_DESIGN_GEOMETRIC_PRESENTATION_REPRESENTATION (  '', ( #1163 ), #993 ) ;
#1352 = ORIENTED_EDGE ( 'NONE', *, *, #1102, .F. ) ;
#1353 = EDGE_CURVE ( 'NONE', #1292, #339, #1381, .T. ) ;
#1354 = CARTESIAN_POINT ( 'NONE',  ( 10.00000000000000000, 0.2000000000000000944, -30.00000000000000000 ) ) ;
#1355 = DIRECTION ( 'NONE',  ( -0.000000000000000000, -0.000000000000000000, -1.000000000000000000 ) ) ;
#1356 = CARTESIAN_POINT ( 'NONE',  ( -10.00000000000000000, 0.2000000000000000111, -30.00000000000000000 ) ) ;
#1357 = CARTESIAN_POINT ( 'NONE',  ( 0.000000000000000000, 0.2000000000000000111, -45.00000000000000000 ) ) ;
#1358 = VECTOR ( 'NONE', #1250, 1000.000000000000114 ) ;
#1359 = ORIENTED_EDGE ( 'NONE', *, *, #589, .F. ) ;
#1360 = LINE ( 'NONE', #563, #980 ) ;
#1361 = SURFACE_STYLE_USAGE ( .BOTH. , #1249 ) ;
#1362 =( NAMED_UNIT ( * ) PLANE_ANGLE_UNIT ( ) SI_UNIT ( $, .RADIAN. ) );
#1363 = EDGE_CURVE ( 'NONE', #877, #137, #680, .T. ) ;
#1364 = PLANE ( 'NONE',  #969 ) ;
#1365 =( GEOMETRIC_REPRESENTATION_CONTEXT ( 3 ) GLOBAL_UNCERTAINTY_ASSIGNED_CONTEXT ( ( #245 ) ) GLOBAL_UNIT_ASSIGNED_CONTEXT ( ( #747, #767, #1096 ) ) REPRESENTATION_CONTEXT ( 'NONE', 'WORKASPACE' ) );
#1366 = VERTEX_POINT ( 'NONE', #338 ) ;
#1367 = CARTESIAN_POINT ( 'NONE',  ( -10.00000000000000000, 0.000000000000000000, -15.00000000000000000 ) ) ;
#1368 = DIRECTION ( 'NONE',  ( 0.000000000000000000, -1.000000000000000000, 0.000000000000000000 ) ) ;
#1369 = EDGE_CURVE ( 'NONE', #1315, #1274, #1360, .T. ) ;
#1370 =( LENGTH_UNIT ( ) NAMED_UNIT ( * ) SI_UNIT ( .MILLI., .METRE. ) );
#1371 = STYLED_ITEM ( 'NONE', ( #207 ), #226 ) ;
#1372 = ORIENTED_EDGE ( 'NONE', *, *, #894, .F. ) ;
#1373 =( GEOMETRIC_REPRESENTATION_CONTEXT ( 3 ) GLOBAL_UNCERTAINTY_ASSIGNED_CONTEXT ( ( #958 ) ) GLOBAL_UNIT_ASSIGNED_CONTEXT ( ( #150, #1303, #251 ) ) REPRESENTATION_CONTEXT ( 'NONE', 'WORKASPACE' ) );
#1374 = PRESENTATION_LAYER_ASSIGNMENT (  '', '', ( #754 ) ) ;
#1375 =( NAMED_UNIT ( * ) SI_UNIT ( $, .STERADIAN. ) SOLID_ANGLE_UNIT ( ) );
#1376 = LINE ( 'NONE', #95, #1188 ) ;
#1377 = CARTESIAN_POINT ( 'NONE',  ( -10.00000000000000000, 0.000000000000000000, -30.00000000000000000 ) ) ;
#1378 = ORIENTED_EDGE ( 'NONE', *, *, #385, .T. ) ;
#1379 = EDGE_CURVE ( 'NONE', #929, #745, #330, .T. ) ;
#1380 = COLOUR_RGB ( '',1.000000000000000000, 1.000000000000000000, 1.000000000000000000 ) ;
#1381 = LINE ( 'NONE', #804, #438 ) ;
#1382 = AXIS2_PLACEMENT_3D ( 'NONE', #1189, #962, #827 ) ;
#1383 = ORIENTED_EDGE ( 'NONE', *, *, #1118, .T. ) ;
#1384 = CARTESIAN_POINT ( 'NONE',  ( 10.00000000000000000, 1.199999999999999956, -30.00000000000000000 ) ) ;
#1385 = CARTESIAN_POINT ( 'NONE',  ( 0.000000000000000000, 0.000000000000000000, 15.00000000000000000 ) ) ;
#1386 = SURFACE_STYLE_USAGE ( .BOTH. , #90 ) ;
#1387 = ORIENTED_EDGE ( 'NONE', *, *, #1254, .F. ) ;
#1388 = UNCERTAINTY_MEASURE_WITH_UNIT (LENGTH_MEASURE( 1.000000000000000082E-05 ), #20, 'distance_accuracy_value', 'NONE');
#1389 = EDGE_LOOP ( 'NONE', ( #404, #1319, #122, #522 ) ) ;
#1390 = CARTESIAN_POINT ( 'NONE',  ( -10.00000000000000000, 0.2000000000000000111, 15.00000000000000000 ) ) ;
#1391 = MANIFOLD_SOLID_BREP ( 'Schnitt-Linear austragen1', #428 ) ;
#1392 = LINE ( 'NONE', #707, #587 ) ;
#1393 = SURFACE_STYLE_FILL_AREA ( #968 ) ;
#1394 = PRESENTATION_STYLE_ASSIGNMENT (( #136 ) ) ;
#1395 = STYLED_ITEM ( 'NONE', ( #431 ), #189 ) ;
#1396 = FACE_OUTER_BOUND ( 'NONE', #25, .T. ) ;
#1397 = PRESENTATION_LAYER_ASSIGNMENT (  '', '', ( #354 ) ) ;
#1398 = LINE ( 'NONE', #357, #1358 ) ;
#1399 = AXIS2_PLACEMENT_3D ( 'NONE', #213, #101, #132 ) ;
#1400 = CARTESIAN_POINT ( 'NONE',  ( 10.00000000000000000, 1.199999999999999956, -30.00000000000000000 ) ) ;
#1401 = LINE ( 'NONE', #362, #335 ) ;
#1402 = EDGE_LOOP ( 'NONE', ( #73, #890, #732, #986 ) ) ;
#1403 =( GEOMETRIC_REPRESENTATION_CONTEXT ( 3 ) GLOBAL_UNCERTAINTY_ASSIGNED_CONTEXT ( ( #973 ) ) GLOBAL_UNIT_ASSIGNED_CONTEXT ( ( #931, #5, #1276 ) ) REPRESENTATION_CONTEXT ( 'NONE', 'WORKASPACE' ) );
#1404 = VECTOR ( 'NONE', #955, 1000.000000000000000 ) ;
#1405 = DIRECTION ( 'NONE',  ( -0.000000000000000000, 1.000000000000000000, -0.000000000000000000 ) ) ;
#1406 = UNCERTAINTY_MEASURE_WITH_UNIT (LENGTH_MEASURE( 1.000000000000000082E-05 ), #1023, 'distance_accuracy_value', 'NONE');
#1407 = PRESENTATION_STYLE_ASSIGNMENT (( #1065 ) ) ;
#1408 = EDGE_CURVE ( 'NONE', #753, #128, #152, .T. ) ;
#1409 = DIRECTION ( 'NONE',  ( 0.000000000000000000, -0.09053574604251851676, -0.9958932064677038509 ) ) ;
#1410 = PRESENTATION_STYLE_ASSIGNMENT (( #831 ) ) ;
#1411 = PRESENTATION_STYLE_ASSIGNMENT (( #1198 ) ) ;
#1412 = ORIENTED_EDGE ( 'NONE', *, *, #1369, .T. ) ;
#1413 = CARTESIAN_POINT ( 'NONE',  ( -10.00000000000000000, 0.000000000000000000, -60.00000000000000000 ) ) ;
#1414 =( LENGTH_UNIT ( ) NAMED_UNIT ( * ) SI_UNIT ( .MILLI., .METRE. ) );
#1415 = MECHANICAL_DESIGN_GEOMETRIC_PRESENTATION_REPRESENTATION (  '', ( #198 ), #814 ) ;
#1416 = SURFACE_STYLE_FILL_AREA ( #29 ) ;
#1417 = CARTESIAN_POINT ( 'NONE',  ( -10.00000000000000000, 0.000000000000000000, 0.000000000000000000 ) ) ;
#1418 = ADVANCED_FACE ( 'NONE', ( #224 ), #246, .F. ) ;
#1419 = UNCERTAINTY_MEASURE_WITH_UNIT (LENGTH_MEASURE( 1.000000000000000082E-05 ), #1212, 'distance_accuracy_value', 'NONE');
#1420 = ORIENTED_EDGE ( 'NONE', *, *, #817, .F. ) ;
#1421 = COLOUR_RGB ( '',1.000000000000000000, 0.000000000000000000, 0.000000000000000000 ) ;
#1422 = FACE_OUTER_BOUND ( 'NONE', #217, .T. ) ;
#1423 = DIRECTION ( 'NONE',  ( -0.000000000000000000, -0.000000000000000000, -1.000000000000000000 ) ) ;
#1424 = MECHANICAL_DESIGN_GEOMETRIC_PRESENTATION_REPRESENTATION (  '', ( #379 ), #1373 ) ;
#1425 = VECTOR ( 'NONE', #54, 1000.000000000000000 ) ;
#1426 =( LENGTH_UNIT ( ) NAMED_UNIT ( * ) SI_UNIT ( .MILLI., .METRE. ) );
#1427 = SURFACE_STYLE_USAGE ( .BOTH. , #253 ) ;
#1428 = DIRECTION ( 'NONE',  ( -0.000000000000000000, 1.000000000000000000, -0.000000000000000000 ) ) ;
#1429 = ORIENTED_EDGE ( 'NONE', *, *, #426, .F. ) ;
#1430 = EDGE_CURVE ( 'NONE', #929, #956, #944, .T. ) ;
#1431 = DIRECTION ( 'NONE',  ( 1.000000000000000000, 0.000000000000000000, 0.000000000000000000 ) ) ;
#1432 = CARTESIAN_POINT ( 'NONE',  ( -10.00000000000000000, 0.2000000000000000111, 0.000000000000000000 ) ) ;
#1433 = VERTEX_POINT ( 'NONE', #620 ) ;
#1434 = PLANE ( 'NONE',  #1492 ) ;
#1435 = CARTESIAN_POINT ( 'NONE',  ( -10.00000000000000000, 0.2000000000000000111, -15.00000000000000000 ) ) ;
#1436 = MECHANICAL_DESIGN_GEOMETRIC_PRESENTATION_REPRESENTATION (  '', ( #1084 ), #419 ) ;
#1437 = CARTESIAN_POINT ( 'NONE',  ( -10.00000000000000000, 0.000000000000000000, -30.00000000000000000 ) ) ;
#1438 = AXIS2_PLACEMENT_3D ( 'NONE', #74, #1464, #564 ) ;
#1439 = PRESENTATION_STYLE_ASSIGNMENT (( #70 ) ) ;
#1440 =( GEOMETRIC_REPRESENTATION_CONTEXT ( 3 ) GLOBAL_UNCERTAINTY_ASSIGNED_CONTEXT ( ( #384 ) ) GLOBAL_UNIT_ASSIGNED_CONTEXT ( ( #1040, #1131, #693 ) ) REPRESENTATION_CONTEXT ( 'NONE', 'WORKASPACE' ) );
#1441 = DIRECTION ( 'NONE',  ( 1.000000000000000000, 0.000000000000000000, 0.000000000000000000 ) ) ;
#1442 = ORIENTED_EDGE ( 'NONE', *, *, #48, .F. ) ;
#1443 = PRESENTATION_STYLE_ASSIGNMENT (( #544 ) ) ;
#1444 = CLOSED_SHELL ( 'NONE', ( #1286, #1306, #917, #539, #235, #1029, #949 ) ) ;
#1445 = FILL_AREA_STYLE_COLOUR ( '', #911 ) ;
#1446 =( GEOMETRIC_REPRESENTATION_CONTEXT ( 3 ) GLOBAL_UNCERTAINTY_ASSIGNED_CONTEXT ( ( #341 ) ) GLOBAL_UNIT_ASSIGNED_CONTEXT ( ( #1323, #776, #1238 ) ) REPRESENTATION_CONTEXT ( 'NONE', 'WORKASPACE' ) );
#1447 = AXIS2_PLACEMENT_3D ( 'NONE', #1177, #1067, #830 ) ;
#1448 =( NAMED_UNIT ( * ) PLANE_ANGLE_UNIT ( ) SI_UNIT ( $, .RADIAN. ) );
#1449 = MECHANICAL_DESIGN_GEOMETRIC_PRESENTATION_REPRESENTATION (  '', ( #1069 ), #972 ) ;
#1450 = EDGE_LOOP ( 'NONE', ( #1282, #815, #368, #1182 ) ) ;
#1451 = DIRECTION ( 'NONE',  ( 0.04993761694389222544, -0.9987523388778447586, 0.000000000000000000 ) ) ;
#1452 = EDGE_CURVE ( 'NONE', #272, #1139, #1401, .T. ) ;
#1453 = PRESENTATION_LAYER_ASSIGNMENT (  '', '', ( #638 ) ) ;
#1454 = DIRECTION ( 'NONE',  ( -1.000000000000000000, 0.000000000000000000, 0.000000000000000000 ) ) ;
#1455 = SURFACE_SIDE_STYLE ('',( #984 ) ) ;
#1456 = VERTEX_POINT ( 'NONE', #840 ) ;
#1457 = FILL_AREA_STYLE_COLOUR ( '', #1171 ) ;
#1458 = CARTESIAN_POINT ( 'NONE',  ( 10.00000000000000000, 1.199999999999999956, -30.00000000000000000 ) ) ;
#1459 = PRESENTATION_LAYER_ASSIGNMENT (  '', '', ( #667 ) ) ;
#1460 = DIRECTION ( 'NONE',  ( 1.000000000000000000, 0.000000000000000000, -0.000000000000000000 ) ) ;
#1461 = EDGE_CURVE ( 'NONE', #1051, #651, #744, .T. ) ;
#1462 = ORIENTED_EDGE ( 'NONE', *, *, #678, .T. ) ;
#1463 = COLOUR_RGB ( '',1.000000000000000000, 1.000000000000000000, 1.000000000000000000 ) ;
#1464 = DIRECTION ( 'NONE',  ( -0.000000000000000000, 0.000000000000000000, 1.000000000000000000 ) ) ;
#1465 = FILL_AREA_STYLE ('',( #1244 ) ) ;
#1466 = LINE ( 'NONE', #663, #1204 ) ;
#1467 = ORIENTED_EDGE ( 'NONE', *, *, #1167, .T. ) ;
#1468 = COLOUR_RGB ( '',1.000000000000000000, 0.000000000000000000, 0.000000000000000000 ) ;
#1469 = LINE ( 'NONE', #443, #1107 ) ;
#1470 = AXIS2_PLACEMENT_3D ( 'NONE', #941, #115, #924 ) ;
#1471 =( GEOMETRIC_REPRESENTATION_CONTEXT ( 3 ) GLOBAL_UNCERTAINTY_ASSIGNED_CONTEXT ( ( #743 ) ) GLOBAL_UNIT_ASSIGNED_CONTEXT ( ( #477, #730, #1053 ) ) REPRESENTATION_CONTEXT ( 'NONE', 'WORKASPACE' ) );
#1472 = VERTEX_POINT ( 'NONE', #265 ) ;
#1473 = CARTESIAN_POINT ( 'NONE',  ( -10.00000000000000000, 0.2000000000000000111, -15.00000000000000000 ) ) ;
#1474 = PRESENTATION_STYLE_ASSIGNMENT (( #805 ) ) ;
#1475 = CARTESIAN_POINT ( 'NONE',  ( -10.00000000000000000, 0.2000000000000000111, -15.00000000000000000 ) ) ;
#1476 = DIRECTION ( 'NONE',  ( -0.9987523388778446476, -0.04993761694389221850, -0.000000000000000000 ) ) ;
#1477 = PRESENTATION_STYLE_ASSIGNMENT (( #1050 ) ) ;
#1478 = ORIENTED_EDGE ( 'NONE', *, *, #1329, .F. ) ;
#1479 = VECTOR ( 'NONE', #640, 1000.000000000000000 ) ;
#1480 = CARTESIAN_POINT ( 'NONE',  ( -10.00000000000000000, 0.000000000000000000, -15.00000000000000000 ) ) ;
#1481 = LINE ( 'NONE', #912, #923 ) ;
#1482 = CARTESIAN_POINT ( 'NONE',  ( -10.00000000000000000, 0.2000000000000000111, -30.00000000000000000 ) ) ;
#1483 = MECHANICAL_DESIGN_GEOMETRIC_PRESENTATION_REPRESENTATION (  '', ( #1328 ), #324 ) ;
#1484 = CARTESIAN_POINT ( 'NONE',  ( -10.00000000000000000, 0.000000000000000000, -15.00000000000000000 ) ) ;
#1485 = UNCERTAINTY_MEASURE_WITH_UNIT (LENGTH_MEASURE( 1.000000000000000082E-05 ), #809, 'distance_accuracy_value', 'NONE');
#1486 = SURFACE_STYLE_USAGE ( .BOTH. , #103 ) ;
#1487 = COLOUR_RGB ( '',1.000000000000000000, 1.000000000000000000, 1.000000000000000000 ) ;
#1488 = ORIENTED_EDGE ( 'NONE', *, *, #1461, .F. ) ;
#1489 = SURFACE_SIDE_STYLE ('',( #315 ) ) ;
#1490 = ADVANCED_FACE ( 'NONE', ( #1181 ), #1087, .T. ) ;
#1491 = SURFACE_STYLE_USAGE ( .BOTH. , #1041 ) ;
#1492 = AXIS2_PLACEMENT_3D ( 'NONE', #495, #740, #154 ) ;
ENDSEC;
END-ISO-10303-21;
